topology,p,gamma,missingness_mode,missing_rate_target,alpha_schedule,n_graph_seeds,precision_global_restriction_n,precision_global_restriction_mean,precision_global_restriction_lo95,precision_global_restriction_hi95,precision_global_restriction_halfwidth95,recall_global_restriction_n,recall_global_restriction_mean,recall_global_restriction_lo95,recall_global_restriction_hi95,recall_global_restriction_halfwidth95,f1_global_restriction_n,f1_global_restriction_mean,f1_global_restriction_lo95,f1_global_restriction_hi95,f1_global_restriction_halfwidth95,exact_recovery_global_restriction_n,exact_recovery_global_restriction_mean,exact_recovery_global_restriction_lo95,exact_recovery_global_restriction_hi95,exact_recovery_global_restriction_halfwidth95,fp_global_restriction_n,fp_global_restriction_mean,fp_global_restriction_lo95,fp_global_restriction_hi95,fp_global_restriction_halfwidth95,fn_global_restriction_n,fn_global_restriction_mean,fn_global_restriction_lo95,fn_global_restriction_hi95,fn_global_restriction_halfwidth95,trace_ci_tests_global_restriction_n,trace_ci_tests_global_restriction_mean,trace_ci_tests_global_restriction_lo95,trace_ci_tests_global_restriction_hi95,trace_ci_tests_global_restriction_halfwidth95,trace_ci_n_eff_min_global_restriction_n,trace_ci_n_eff_min_global_restriction_mean,trace_ci_n_eff_min_global_restriction_lo95,trace_ci_n_eff_min_global_restriction_hi95,trace_ci_n_eff_min_global_restriction_halfwidth95,trace_ci_n_eff_median_global_restriction_n,trace_ci_n_eff_median_global_restriction_mean,trace_ci_n_eff_median_global_restriction_lo95,trace_ci_n_eff_median_global_restriction_hi95,trace_ci_n_eff_median_global_restriction_halfwidth95,trace_ci_effective_fraction_mean_global_restriction_n,trace_ci_effective_fraction_mean_global_restriction_mean,trace_ci_effective_fraction_mean_global_restriction_lo95,trace_ci_effective_fraction_mean_global_restriction_hi95,trace_ci_effective_fraction_mean_global_restriction_halfwidth95,runtime_seconds_global_restriction_n,runtime_seconds_global_restriction_mean,runtime_seconds_global_restriction_lo95,runtime_seconds_global_restriction_hi95,runtime_seconds_global_restriction_halfwidth95,precision_dedicated_local_n,precision_dedicated_local_mean,precision_dedicated_local_lo95,precision_dedicated_local_hi95,precision_dedicated_local_halfwidth95,recall_dedicated_local_n,recall_dedicated_local_mean,recall_dedicated_local_lo95,recall_dedicated_local_hi95,recall_dedicated_local_halfwidth95,f1_dedicated_local_n,f1_dedicated_local_mean,f1_dedicated_local_lo95,f1_dedicated_local_hi95,f1_dedicated_local_halfwidth95,exact_recovery_dedicated_local_n,exact_recovery_dedicated_local_mean,exact_recovery_dedicated_local_lo95,exact_recovery_dedicated_local_hi95,exact_recovery_dedicated_local_halfwidth95,fp_dedicated_local_n,fp_dedicated_local_mean,fp_dedicated_local_lo95,fp_dedicated_local_hi95,fp_dedicated_local_halfwidth95,fn_dedicated_local_n,fn_dedicated_local_mean,fn_dedicated_local_lo95,fn_dedicated_local_hi95,fn_dedicated_local_halfwidth95,trace_ci_tests_dedicated_local_n,trace_ci_tests_dedicated_local_mean,trace_ci_tests_dedicated_local_lo95,trace_ci_tests_dedicated_local_hi95,trace_ci_tests_dedicated_local_halfwidth95,trace_ci_n_eff_min_dedicated_local_n,trace_ci_n_eff_min_dedicated_local_mean,trace_ci_n_eff_min_dedicated_local_lo95,trace_ci_n_eff_min_dedicated_local_hi95,trace_ci_n_eff_min_dedicated_local_halfwidth95,trace_ci_n_eff_median_dedicated_local_n,trace_ci_n_eff_median_dedicated_local_mean,trace_ci_n_eff_median_dedicated_local_lo95,trace_ci_n_eff_median_dedicated_local_hi95,trace_ci_n_eff_median_dedicated_local_halfwidth95,trace_ci_effective_fraction_mean_dedicated_local_n,trace_ci_effective_fraction_mean_dedicated_local_mean,trace_ci_effective_fraction_mean_dedicated_local_lo95,trace_ci_effective_fraction_mean_dedicated_local_hi95,trace_ci_effective_fraction_mean_dedicated_local_halfwidth95,runtime_seconds_dedicated_local_n,runtime_seconds_dedicated_local_mean,runtime_seconds_dedicated_local_lo95,runtime_seconds_dedicated_local_hi95,runtime_seconds_dedicated_local_halfwidth95,precision_delta_local_minus_global_n,precision_delta_local_minus_global_mean,precision_delta_local_minus_global_lo95,precision_delta_local_minus_global_hi95,precision_delta_local_minus_global_halfwidth95,recall_delta_local_minus_global_n,recall_delta_local_minus_global_mean,recall_delta_local_minus_global_lo95,recall_delta_local_minus_global_hi95,recall_delta_local_minus_global_halfwidth95,f1_delta_local_minus_global_n,f1_delta_local_minus_global_mean,f1_delta_local_minus_global_lo95,f1_delta_local_minus_global_hi95,f1_delta_local_minus_global_halfwidth95,exact_recovery_delta_local_minus_global_n,exact_recovery_delta_local_minus_global_mean,exact_recovery_delta_local_minus_global_lo95,exact_recovery_delta_local_minus_global_hi95,exact_recovery_delta_local_minus_global_halfwidth95,fp_delta_local_minus_global_n,fp_delta_local_minus_global_mean,fp_delta_local_minus_global_lo95,fp_delta_local_minus_global_hi95,fp_delta_local_minus_global_halfwidth95,fn_delta_local_minus_global_n,fn_delta_local_minus_global_mean,fn_delta_local_minus_global_lo95,fn_delta_local_minus_global_hi95,fn_delta_local_minus_global_halfwidth95,trace_ci_tests_delta_local_minus_global_n,trace_ci_tests_delta_local_minus_global_mean,trace_ci_tests_delta_local_minus_global_lo95,trace_ci_tests_delta_local_minus_global_hi95,trace_ci_tests_delta_local_minus_global_halfwidth95,trace_ci_n_eff_min_delta_local_minus_global_n,trace_ci_n_eff_min_delta_local_minus_global_mean,trace_ci_n_eff_min_delta_local_minus_global_lo95,trace_ci_n_eff_min_delta_local_minus_global_hi95,trace_ci_n_eff_min_delta_local_minus_global_halfwidth95,trace_ci_n_eff_median_delta_local_minus_global_n,trace_ci_n_eff_median_delta_local_minus_global_mean,trace_ci_n_eff_median_delta_local_minus_global_lo95,trace_ci_n_eff_median_delta_local_minus_global_hi95,trace_ci_n_eff_median_delta_local_minus_global_halfwidth95,trace_ci_effective_fraction_mean_delta_local_minus_global_n,trace_ci_effective_fraction_mean_delta_local_minus_global_mean,trace_ci_effective_fraction_mean_delta_local_minus_global_lo95,trace_ci_effective_fraction_mean_delta_local_minus_global_hi95,trace_ci_effective_fraction_mean_delta_local_minus_global_halfwidth95,runtime_seconds_delta_local_minus_global_n,runtime_seconds_delta_local_minus_global_mean,runtime_seconds_delta_local_minus_global_lo95,runtime_seconds_delta_local_minus_global_hi95,runtime_seconds_delta_local_minus_global_halfwidth95,ci_saving_fraction_n,ci_saving_fraction_mean,ci_saving_fraction_lo95,ci_saving_fraction_hi95,ci_saving_fraction_halfwidth95,runtime_saving_fraction_n,runtime_saving_fraction_mean,runtime_saving_fraction_lo95,runtime_saving_fraction_hi95,runtime_saving_fraction_halfwidth95,targets_in_batch_n,targets_in_batch_mean,targets_in_batch_lo95,targets_in_batch_hi95,targets_in_batch_halfwidth95,trace_ci_tests_dedicated_local_batch_total_n,trace_ci_tests_dedicated_local_batch_total_mean,trace_ci_tests_dedicated_local_batch_total_lo95,trace_ci_tests_dedicated_local_batch_total_hi95,trace_ci_tests_dedicated_local_batch_total_halfwidth95,trace_ci_tests_global_once_n,trace_ci_tests_global_once_mean,trace_ci_tests_global_once_lo95,trace_ci_tests_global_once_hi95,trace_ci_tests_global_once_halfwidth95,ci_saving_fraction_batch_targets_n,ci_saving_fraction_batch_targets_mean,ci_saving_fraction_batch_targets_lo95,ci_saving_fraction_batch_targets_hi95,ci_saving_fraction_batch_targets_halfwidth95,runtime_seconds_dedicated_local_batch_total_n,runtime_seconds_dedicated_local_batch_total_mean,runtime_seconds_dedicated_local_batch_total_lo95,runtime_seconds_dedicated_local_batch_total_hi95,runtime_seconds_dedicated_local_batch_total_halfwidth95,runtime_seconds_global_once_n,runtime_seconds_global_once_mean,runtime_seconds_global_once_lo95,runtime_seconds_global_once_hi95,runtime_seconds_global_once_halfwidth95,runtime_saving_fraction_batch_targets_n,runtime_saving_fraction_batch_targets_mean,runtime_saving_fraction_batch_targets_lo95,runtime_saving_fraction_batch_targets_hi95,runtime_saving_fraction_batch_targets_halfwidth95
er_expected_degree_2,20,1.0,complete,0.0,n_inverse_half,10,10,0.9616666666666666,0.9313739421603794,0.9919593911729537,0.030292724506287175,10,0.9639999999999999,0.9313089324553468,0.9966910675446529,0.032691067544652966,10,0.9551341991341991,0.9311598530049452,0.9791085452634529,0.023974346129253872,10,0.78,0.6593516179840957,0.9006483820159044,0.12064838201590429,10,0.09,0.018862840028050123,0.16113715997194988,0.07113715997194987,10,0.15000000000000002,0.01831041195693217,0.2816895880430679,0.13168958804306785,10,943.8,584.8888380347848,1302.711161965215,358.9111619652151,10,1000.0,1000.0,1000.0,0.0,10,1000.0,1000.0,1000.0,0.0,10,1.0,1.0,1.0,0.0,10,5.547764184929965,2.9398735219544636,8.155654847905465,2.607890662975501,10,0.9199999999999999,0.888181530648256,0.9518184693517439,0.03181846935174397,10,0.9673333333333332,0.9392584508056743,0.995408215860992,0.028074882527658867,10,0.9329242424242423,0.9056245501041984,0.9602239347442862,0.027299692320043936,10,0.7,0.5693942953109216,0.8306057046890784,0.13060570468907837,10,0.22000000000000003,0.12581888697508412,0.3141811130249159,0.09418111302491591,10,0.14,0.022213251682702717,0.2577867483172973,0.1177867483172973,10,76.77000000000001,49.962063180838626,103.5779368191614,26.807936819161384,10,1000.0,1000.0,1000.0,0.0,10,1000.0,1000.0,1000.0,0.0,10,1.0,1.0,1.0,0.0,10,0.48146761416999195,0.2722784543913254,0.6906567739486584,0.20918915977866653,10,-0.04166666666666667,-0.0708709900600709,-0.012462343273262445,0.029204323393404227,10,0.003333333333333334,-0.004207190542660684,0.010873857209327351,0.007540523875994018,10,-0.022209956709956707,-0.037128179744854765,-0.0072917336750586495,0.014918223034898058,10,-0.08,-0.12524314325596408,-0.03475685674403591,0.04524314325596409,10,0.13,0.04046123998096998,0.21953876001903003,0.08953876001903002,10,-0.01,-0.03262157162798204,0.012621571627982045,0.022621571627982045,10,-867.03,-1200.623751307967,-533.4362486920329,333.593751307967,10,0.0,0.0,0.0,0.0,10,0.0,0.0,0.0,0.0,10,0.0,0.0,0.0,0.0,10,-5.066296570759974,-7.47548997819308,-2.6571031633268674,2.4091934074331065,10,0.9169474872661322,0.9062021583509987,0.9276928161812656,0.010745328915133478,10,0.9111533867583921,0.8935219113632706,0.9287848621535135,0.0176314753951215,10,10.0,10.0,10.0,0.0,10,767.7,499.6206318083862,1035.779368191614,268.07936819161387,10,943.8,584.8888380347848,1302.711161965215,358.9111619652151,10,0.16947487266132252,0.062021583509987765,0.2769281618126573,0.10745328915133476,10,4.81467614169992,2.7227845439132543,6.906567739486585,2.0918915977866654,10,5.54776779969975,2.9398699679504894,8.155665631449011,2.607897831749261,10,0.11153366267003702,-0.06478184774255107,0.2878491730826251,0.17631551041258808
er_expected_degree_2,20,1.0,self_masking_gaussian_preserving,0.3,n_inverse_half,10,10,0.9916666666666666,0.9728153569766815,1.0105179763566516,0.01885130968998505,10,0.9245000000000001,0.8704769716554712,0.978523028344529,0.05402302834452888,10,0.9484163059163059,0.9071140165568252,0.9897185952757865,0.04130228935948064,10,0.79,0.6375023422058744,0.9424976577941256,0.15249765779412564,10,0.02,-0.02524314325596409,0.06524314325596409,0.04524314325596409,10,0.27,0.06752605171549056,0.4724739482845095,0.20247394828450946,10,739.3,520.662760526241,957.937239473759,218.63723947375897,10,176.7,157.93924327330342,195.46075672669656,18.76075672669656,10,353.3,347.48792385263687,359.11207614736315,5.81207614736312,10,0.37186073186206026,0.35741502393163826,0.38630643979248225,0.014445707930421964,10,4.157868010590019,2.6037069365834933,5.712029084596545,1.5541610740065261,10,0.9599999999999997,0.9239243740843798,0.9960756259156197,0.03607562591562001,10,0.9403333333333332,0.8939906261996695,0.986676040466997,0.04634270713366368,10,0.9413210678210678,0.9009887641270448,0.9816533715150909,0.04033230369402303,10,0.76,0.6084373458563355,0.9115626541436646,0.15156265414366454,10,0.1,-0.006639111328288774,0.20663911132828877,0.10663911132828878,10,0.22999999999999998,0.04824365296227695,0.411756347037723,0.18175634703772303,10,61.54,44.329088335355905,78.7509116646441,17.210911664644094,10,287.9599999999999,273.6497543897221,302.27024561027775,14.310245610277846,10,404.015,381.2147696278941,426.8152303721059,22.800230372105904,10,0.4052764861471105,0.39177168256236494,0.418781289731856,0.013504803584745559,10,0.3371752094100747,0.22096817795768153,0.4533822408624679,0.1162070314523932,10,-0.03166666666666667,-0.05303148431531638,-0.010301849018016958,0.02136481764864971,10,0.01583333333333333,0.0003262928853488573,0.03134037378131781,0.015507040447984474,10,-0.007095238095238097,-0.023235499988779586,0.00904502379830339,0.016140261893541487,10,-0.030000000000000006,-0.07828291119331837,0.018282911193318367,0.04828291119331837,10,0.08,0.014263236886372932,0.14573676311362707,0.06573676311362707,10,-0.04,-0.07694087177891798,-0.003059128221082015,0.036940871778917986,10,-677.76,-880.1966716738845,-475.32332832611553,202.43667167388446,10,111.26000000000002,94.69948505170048,127.82051494829956,16.56051494829954,10,50.715,30.591249951349152,70.83875004865085,20.12375004865085,10,0.033415754285050156,0.025416748610125627,0.041414759959974685,0.007999005674924528,10,-3.8206928011799435,-5.26376595642828,-2.3776196459316075,1.443073155248336,10,0.9159410900435475,0.9074254762279165,0.9244567038591786,0.008515613815631078,10,0.9164935442014943,0.9054113735752579,0.9275757148277307,0.011082170626236353,10,10.0,10.0,10.0,0.0,10,615.4,443.290883353559,787.5091166464409,172.10911664644092,10,739.3,520.662760526241,957.937239473759,218.63723947375897,10,0.15941090043547593,0.07425476227916536,0.2445670385917865,0.08515613815631057,10,3.371752094100748,2.209681779576816,4.53382240862468,1.162070314523932,10,4.1578705934999105,2.603709955366675,5.712031231633146,1.5541606381332354,10,0.1649357563354079,0.05411396189034319,0.27575755078047265,0.11082179444506472
er_expected_degree_2,20,1.0,self_masking_logistic_population,0.3,n_inverse_half,10,10,0.9866666666666667,0.9657879014775882,1.007545431855745,0.020878765189078472,10,0.9288333333333332,0.8725845013343699,0.9850821653322964,0.056248831998963196,10,0.9473924963924963,0.9040793117716072,0.9907056810133855,0.043313184620889185,10,0.79,0.6532272848601031,0.926772715139897,0.13677271513989692,10,0.030000000000000006,-0.018282911193318367,0.07828291119331837,0.04828291119331837,10,0.27999999999999997,0.061975821819623994,0.4980241781803759,0.21802417818037598,10,746.0,515.2042846629614,976.7957153370386,230.79571533703862,10,176.1,152.83543686981696,199.36456313018303,23.26456313018304,10,354.3,333.84293255772275,374.7570674422773,20.457067442277253,10,0.36839801894477764,0.3531403255113875,0.38365571237816776,0.015257693433390097,10,4.472078366709971,2.876616110916383,6.067540622503558,1.5954622557935878,10,0.9599999999999997,0.9329286907970927,0.9870713092029068,0.02707130920290697,10,0.9428333333333333,0.9020012050730617,0.9836654615936049,0.04083212826027158,10,0.9432178932178932,0.9085748443843936,0.9778609420513927,0.034643048833499585,10,0.7499999999999999,0.6020442376083046,0.8979557623916952,0.14795576239169528,10,0.10000000000000002,0.024594761240059854,0.17540523875994019,0.07540523875994017,10,0.22999999999999998,0.06462340051853274,0.3953765994814672,0.16537659948146724,10,60.78000000000001,43.765002110669485,77.79499788933053,17.01499788933052,10,283.07000000000005,265.30141347430845,300.83858652569165,17.768586525691585,10,406.385,380.8199547097193,431.9500452902807,25.565045290280683,10,0.40553027636434,0.38959986179555606,0.421460690933124,0.015930414568783958,10,0.3511001324399694,0.21836927120982003,0.4838309936701188,0.13273086123014938,10,-0.026666666666666672,-0.045476037907172195,-0.007857295426161145,0.018809371240505527,10,0.014000000000000002,-0.004048317363024027,0.032048317363024034,0.01804831736302403,10,-0.004174603174603178,-0.020181016566837597,0.011831810217631241,0.01600641339223442,10,-0.04,-0.07694087177891801,-0.003059128221082001,0.036940871778918,10,0.07,0.021717088806681634,0.11828291119331838,0.04828291119331837,10,-0.05,-0.11079364704546298,0.01079364704546297,0.06079364704546297,10,-685.22,-900.1702847091769,-470.2697152908231,214.95028470917694,10,106.96999999999998,84.8525739926472,129.08742600735278,22.117426007352787,10,52.085,31.43964291561141,72.73035708438859,20.64535708438859,10,0.03713225741956241,0.028109095237261846,0.046155419601862965,0.009023162182300561,10,-4.120978234270001,-5.5912643074606985,-2.650692161079303,1.4702860731906977,10,0.917089682292711,0.9077658055173523,0.9264135590680698,0.00932387677535872,10,0.9217862824113082,0.9104857695079636,0.9330867953146529,0.011300512903344622,10,10.0,10.0,10.0,0.0,10,607.8,437.6500211066948,777.9499788933051,170.1499788933052,10,746.0,515.2042846629614,976.7957153370386,230.79571533703862,10,0.1708968229271114,0.07765805517352423,0.2641355906806986,0.09323876775358717,10,3.5110013243996945,2.1836927120982006,4.838309936701188,1.3273086123014939,10,4.472075158499865,2.876615435384882,6.067534881614848,1.5954597231149832,10,0.21786284856803473,0.10485836966761777,0.3308673274684517,0.11300447890041695
er_expected_degree_2,50,1.0,complete,0.0,n_inverse_half,10,10,0.9835714285714285,0.9667017041778995,1.0004411529649577,0.0168697243935291,10,0.981654761904762,0.9709086154879107,0.9924009083216132,0.01074614641685121,10,0.9789492729492728,0.9658667412713818,0.9920318046271638,0.013082531677890943,10,0.8699999999999999,0.8111066258413512,0.9288933741586486,0.058893374158648655,10,0.04,0.003059128221082015,0.07694087177891798,0.036940871778917986,10,0.09000000000000001,0.0372163328680419,0.14278366713195811,0.05278366713195811,10,4703.9,3488.8485442013216,5918.951455798678,1215.051455798678,10,2500.0,2500.0,2500.0,0.0,10,2500.0,2500.0,2500.0,0.0,10,1.0,1.0,1.0,0.0,10,27.03481148655,18.541347965676565,35.52827500742344,8.493463520873439,10,0.9330714285714284,0.8974706512503026,0.9686722058925543,0.035600777321125925,10,0.9841547619047619,0.9728170456483567,0.9954924781611671,0.011337716256405277,10,0.9492587967587965,0.9231754374128639,0.9753421561047292,0.026083359345932648,10,0.75,0.6227013056136701,0.8772986943863299,0.12729869438632985,10,0.2,0.1107793182865037,0.28922068171349635,0.08922068171349631,10,0.08,0.023571886278483445,0.13642811372151656,0.05642811372151656,10,182.58999999999997,124.65970803919498,240.52029196080497,57.930291960804986,10,2500.0,2500.0,2500.0,0.0,10,2500.0,2500.0,2500.0,0.0,10,1.0,1.0,1.0,0.0,10,1.0949270775700009,0.6481020860693177,1.541752069070684,0.4468249915006831,10,-0.0505,-0.08861115507934741,-0.012388844920652599,0.038111155079347404,10,0.0025,-0.003155392906995511,0.00815539290699551,0.005655392906995511,10,-0.02969047619047619,-0.05491350932283337,-0.004467443058119011,0.02522303313235718,10,-0.12,-0.22556733426391623,-0.014432665736083775,0.10556733426391622,10,0.16,0.05771535765474764,0.2622846423452524,0.10228464234525236,10,-0.01,-0.03262157162798204,0.012621571627982045,0.022621571627982045,10,-4521.31,-5688.792058169807,-3353.8279418301936,1167.4820581698068,10,0.0,0.0,0.0,0.0,10,0.0,0.0,0.0,0.0,10,0.0,0.0,0.0,0.0,10,-25.939884408980003,-34.055240964613496,-17.82452785334651,8.115356555633493,10,0.9609474939620626,0.9547788030314338,0.9671161848926914,0.006168690930628771,10,0.9594949202201924,0.9504656963648739,0.968524144075511,0.009029223855318623,10,10.0,10.0,10.0,0.0,10,1825.9,1246.5970803919504,2405.20291960805,579.3029196080498,10,4703.9,3488.8485442013216,5918.951455798678,1215.051455798678,10,0.609474939620625,0.5477880303143372,0.6711618489269129,0.06168690930628781,10,10.949270775700006,6.4810208606931745,15.417520690706837,4.468249915006831,10,27.03481944,18.541355755454983,35.52828312454501,8.493463684545016,10,0.5949492801068835,0.5046570723496385,0.6852414878641285,0.09029220775724504
er_expected_degree_2,50,1.0,self_masking_gaussian_preserving,0.3,n_inverse_half,10,10,1.0,1.0,1.0,0.0,10,0.9626309523809524,0.9407162544206603,0.9845456503412445,0.021914697960292093,10,0.9783252858252858,0.965434641299258,0.9912159303513135,0.012890644526027782,10,0.85,0.7656943801365859,0.9343056198634141,0.08430561986341406,10,0.0,0.0,0.0,0.0,10,0.18,0.07443266573608377,0.28556733426391623,0.10556733426391622,10,3810.9,3013.2134686606214,4608.586531339379,797.6865313393785,10,395.8,386.8728349598134,404.7271650401866,8.927165040186567,10,878.1,870.3186323891304,885.8813676108697,7.781367610869679,10,0.37893064218901606,0.3668870029537167,0.39097428142431545,0.012043639235299386,10,20.783219687840106,15.305966167176212,26.260473208504,5.4772535206638935,10,0.9625,0.9414235950341465,0.9835764049658535,0.021076404965853515,10,0.9721309523809524,0.9545982231853654,0.9896636815765394,0.017532729195587023,10,0.9597661227661225,0.9446569141738435,0.9748753313584015,0.015109208592279075,10,0.79,0.7188628400280501,0.86113715997195,0.0711371599719499,10,0.09,0.037216332868041886,0.14278366713195811,0.05278366713195811,10,0.14,0.056032279772343235,0.2239677202276568,0.08396772022765678,10,145.89999999999998,116.50878286581134,175.29121713418863,29.391217134188636,10,691.61,671.4080246009406,711.8119753990594,20.20197539905935,10,1045.175,1011.3342442740816,1079.0157557259183,33.84075572591838,10,0.4151405915382673,0.40821119953857904,0.4220699835379556,0.006929391999688295,10,0.8040760710699896,0.5770305814058267,1.0311215607341524,0.22704548966416277,10,-0.0375,-0.058576404965853514,-0.016423595034146483,0.021076404965853515,10,0.0095,-0.002449741308604229,0.021449741308604227,0.011949741308604229,10,-0.018559163059163063,-0.032043846738668905,-0.005074479379657219,0.013484683679505845,10,-0.06,-0.12032419100795214,0.00032419100795214734,0.060324191007952145,10,0.09,0.037216332868041886,0.14278366713195811,0.05278366713195811,10,-0.04,-0.09001817683877708,0.010018176838777072,0.05001817683877707,10,-3665.0,-4438.003457499599,-2891.996542500401,773.0034574995987,10,295.81000000000006,278.3061570601281,313.313842939872,17.503842939871973,10,167.075,138.2065435596719,195.94345644032808,28.86845644032808,10,0.03620994934925131,0.028833132295516158,0.043586766402986456,0.007376817053735151,10,-19.979143616770113,-25.25142647018395,-14.706860763356277,5.272282853413836,10,0.9612096505862857,0.9571561091262366,0.9652631920463348,0.004053541460049125,10,0.9609480411380801,0.9558001855106553,0.9660958967655049,0.005147855627424763,10,10.0,10.0,10.0,0.0,10,1459.0,1165.0878286581137,1752.9121713418863,293.91217134188634,10,3810.9,3013.2134686606214,4608.586531339379,797.6865313393785,10,0.6120965058628572,0.5715610912623661,0.6526319204633484,0.04053541460049115,10,8.040760710699896,5.770305814058268,10.311215607341524,2.270454896641628,10,20.783214297500127,15.3059578278905,26.26047076710975,5.477256469609626,10,0.6094801723306777,0.5580015943301314,0.6609587503312241,0.05147857800054633
er_expected_degree_2,50,1.0,self_masking_logistic_population,0.3,n_inverse_half,10,10,0.9960714285714285,0.9898774268161477,1.0022654303267093,0.006194001755280798,10,0.9445357142857143,0.9073587297519323,0.9817126988194962,0.037176984533781945,10,0.9649205239205239,0.9410349430676999,0.9888061047733478,0.023885580852824037,10,0.8,0.6933608886717113,0.9066391113282888,0.10663911132828877,10,0.02,-0.010162095503976062,0.05016209550397606,0.030162095503976062,10,0.22999999999999998,0.08281484577712991,0.37718515422287,0.14718515422287007,10,3787.4,3019.2278280842256,4555.572171915775,768.1721719157746,10,375.8,359.07158953167567,392.52841046832435,16.728410468324338,10,879.95,859.7247672764548,900.1752327235453,20.225232723545215,10,0.3767757315867486,0.3632471711408086,0.39030429203268857,0.013528560445939988,10,21.12987185651997,15.548383372089525,26.711360340950414,5.5814884844304435,10,0.942738095238095,0.9174640986167071,0.968012091859483,0.025273996621387934,10,0.9545357142857144,0.9272445914995733,0.9818268370718555,0.027291122786141098,10,0.9381542901542901,0.9135030929205338,0.9628054873880464,0.02465119723375628,10,0.7100000000000001,0.6119731896120779,0.8080268103879222,0.09802681038792221,10,0.14,0.07967580899204789,0.20032419100795212,0.060324191007952124,10,0.2,0.07841270590907407,0.32158729409092596,0.12158729409092595,10,143.94,110.84819468665438,177.03180531334561,33.09180531334562,10,673.3100000000001,644.3464276776477,702.2735723223524,28.963572322352285,10,1048.315,1012.1891888083601,1084.44081119164,36.125811191640025,10,0.4142837257568286,0.40478718729981994,0.42378026421383724,0.009496538457008652,10,0.8217026131300145,0.568612766829272,1.074792459430757,0.2530898463007425,10,-0.05333333333333333,-0.07687861158956232,-0.029788055077104345,0.023545278256228985,10,0.010000000000000002,-0.0028164261288019295,0.022816426128801935,0.012816426128801931,10,-0.02676623376623377,-0.043783231995964525,-0.009749235536503018,0.017016998229730754,10,-0.09000000000000001,-0.16113715997194988,-0.018862840028050123,0.07113715997194989,10,0.12000000000000002,0.06357188627848347,0.17642811372151657,0.05642811372151656,10,-0.030000000000000006,-0.0645550214413644,0.004555021441364382,0.03455502144136439,10,-3643.46,-4383.948440366881,-2902.9715596331184,740.4884403668815,10,297.51000000000005,263.67928269403643,331.34071730596366,33.83071730596362,10,168.36499999999998,145.95273475374444,190.77726524625552,22.412265246255547,10,0.037507994170079946,0.03022838236365266,0.04478760597650723,0.007279611806427285,10,-20.30816924338995,-25.66097671091479,-14.95536177586511,5.352807467524841,10,0.9618423852886326,0.9571254729443854,0.9665592976328798,0.004716912344247258,10,0.9612047309745113,0.9556022630321861,0.9668071989168365,0.0056024679423251934,10,10.0,10.0,10.0,0.0,10,1439.4,1108.481946866544,1770.3180531334563,330.9180531334561,10,3787.4,3019.2278280842256,4555.572171915775,768.1721719157746,10,0.6184238528863257,0.571254729443853,0.6655929763287984,0.04716912344247269,10,8.217026131300145,5.68612766829272,10.74792459430757,2.5308984630074254,10,21.129877879100057,15.548389276506935,26.71136648169318,5.581488602593123,10,0.6120473804647368,0.5560227043307066,0.6680720565987671,0.05602467613403033
random_regular_d2,20,1.0,complete,0.0,n_inverse_half,10,10,0.9966666666666667,0.9891261427906727,1.0042071905426608,0.007540523875994038,10,1.0,1.0,1.0,0.0,10,0.998,0.9934756856744036,1.0025243143255964,0.004524314325596388,10,0.99,0.9673784283720179,1.012621571627982,0.02262157162798204,10,0.01,-0.012621571627982045,0.03262157162798204,0.022621571627982045,10,0.0,0.0,0.0,0.0,10,381.8,342.48674277017125,421.1132572298288,39.31325722982878,10,1000.0,1000.0,1000.0,0.0,10,1000.0,1000.0,1000.0,0.0,10,1.0,1.0,1.0,0.0,10,1.84117508381019,1.5651786649951205,2.1171715026252595,0.2759964188150694,10,0.9866666666666667,0.969993941053741,1.0033393922795923,0.016672725612925703,10,1.0,1.0,1.0,0.0,10,0.992,0.9819963646322446,1.0020036353677555,0.010003635367755408,10,0.96,0.9099818231612229,1.010018176838777,0.050018176838777066,10,0.04,-0.010018176838777072,0.09001817683877708,0.05001817683877707,10,0.0,0.0,0.0,0.0,10,33.64,30.14861530083638,37.13138469916362,3.491384699163621,10,1000.0,1000.0,1000.0,0.0,10,1000.0,1000.0,1000.0,0.0,10,1.0,1.0,1.0,0.0,10,0.15139945600999452,0.1276455405604075,0.17515337145958154,0.023753915449587017,10,-0.010000000000000002,-0.021518340480454798,0.0015183404804547957,0.011518340480454798,10,0.0,0.0,0.0,0.0,10,-0.005999999999999999,-0.012911004288272875,0.000911004288272876,0.006911004288272875,10,-0.030000000000000006,-0.0645550214413644,0.004555021441364382,0.03455502144136439,10,0.030000000000000006,-0.004555021441364382,0.0645550214413644,0.03455502144136439,10,0.0,0.0,0.0,0.0,10,-348.15999999999997,-384.88724687101745,-311.4327531289825,36.727246871017485,10,0.0,0.0,0.0,0.0,10,0.0,0.0,0.0,0.0,10,0.0,0.0,0.0,0.0,10,-1.6897756278001954,-1.9487423686838286,-1.4308088869165623,0.25896674088363314,10,0.911608963806246,0.905488720526716,0.917729207085776,0.0061202432795300025,10,0.9172063186626215,0.9090118351134046,0.9254008022118384,0.008194483549216888,10,10.0,10.0,10.0,0.0,10,336.4,301.4861530083638,371.3138469916362,34.913846991636206,10,381.8,342.48674277017125,421.1132572298288,39.31325722982878,10,0.11608963806246134,0.05488720526716151,0.17729207085776116,0.06120243279529983,10,1.513994560099945,1.2764554056040747,1.7515337145958152,0.23753915449587018,10,1.841176709300089,1.5651797895932806,2.1171736290068974,0.27599691970680845,10,0.17206374186089535,0.09011899808334356,0.25400848563844713,0.08194474377755179
random_regular_d2,20,1.0,self_masking_gaussian_preserving,0.3,n_inverse_half,10,10,1.0,1.0,1.0,0.0,10,0.9949999999999999,0.9836892141860089,1.006310785813991,0.011310785813991033,10,0.9966666666666667,0.9891261427906727,1.0042071905426608,0.007540523875994038,10,0.99,0.9673784283720179,1.012621571627982,0.02262157162798204,10,0.0,0.0,0.0,0.0,10,0.01,-0.012621571627982045,0.03262157162798204,0.022621571627982045,10,363.2,340.6746490128314,385.72535098716855,22.525350987168554,10,265.7,238.69260552900565,292.7073944709943,27.00739447099433,10,437.35,401.9091166390501,472.7908833609499,35.440883360949925,10,0.42124499756750716,0.41520209236645766,0.42728790276855666,0.006042905201049486,10,1.9809156467801952,1.685167698218954,2.2766635953414363,0.29574794856124104,10,0.9966666666666667,0.9891261427906727,1.0042071905426608,0.007540523875994038,10,1.0,1.0,1.0,0.0,10,0.998,0.9934756856744036,1.0025243143255964,0.004524314325596388,10,0.99,0.9673784283720179,1.012621571627982,0.02262157162798204,10,0.01,-0.012621571627982045,0.03262157162798204,0.022621571627982045,10,0.0,0.0,0.0,0.0,10,32.18000000000001,29.917139164416565,34.442860835583446,2.262860835583442,10,325.59000000000003,316.7781339905467,334.4018660094534,8.81186600945333,10,454.88500000000005,443.17740417177924,466.59259582822085,11.707595828220795,10,0.4361480245437705,0.4281059648947364,0.4441900841928046,0.008042059649034095,10,0.1591224979200842,0.1342403154978879,0.1840046803422805,0.024882182422196312,10,-0.003333333333333334,-0.010873857209327351,0.004207190542660684,0.007540523875994018,10,0.005,-0.006310785813991022,0.01631078581399102,0.011310785813991022,10,0.0013333333333333342,-0.0016828762170642741,0.004349542883730942,0.0030162095503976083,10,0.0,0.0,0.0,0.0,10,0.01,-0.012621571627982045,0.03262157162798204,0.022621571627982045,10,-0.01,-0.03262157162798204,0.012621571627982045,0.022621571627982045,10,-331.02000000000004,-352.51932290583585,-309.5206770941642,21.499322905835797,10,59.89,35.209796238259145,84.57020376174086,24.680203761740856,10,17.535,-13.939313086028505,49.009313086028506,31.474313086028506,10,0.014903026976263344,0.008994582700201582,0.020811471252325107,0.0059084442760617625,10,-1.8217931488601102,-2.0982639360719357,-1.5453223616482845,0.27647078721182566,10,0.911149469127811,0.9052465947683392,0.9170523434872828,0.0059028743594717594,10,0.9192583547795093,0.9105285457918917,0.927988163767127,0.008729808987617715,10,10.0,10.0,10.0,0.0,10,321.8,299.1713916441656,344.4286083558344,22.628608355834412,10,363.2,340.6746490128314,385.72535098716855,22.525350987168554,10,0.11149469127811118,0.05246594768339359,0.17052343487282878,0.05902874359471759,10,1.5912249792008422,1.342403154978879,1.8400468034228052,0.24882182422196317,10,1.980916858100136,1.6851687841677871,2.2766649320324848,0.29574807393234875,10,0.1925840320115225,0.10528573361643362,0.27988233040661137,0.08729829839508887
random_regular_d2,20,1.0,self_masking_logistic_population,0.3,n_inverse_half,10,10,1.0,1.0,1.0,0.0,10,0.9949999999999999,0.9836892141860089,1.006310785813991,0.011310785813991033,10,0.9966666666666667,0.9891261427906727,1.0042071905426608,0.007540523875994038,10,0.99,0.9673784283720179,1.012621571627982,0.02262157162798204,10,0.0,0.0,0.0,0.0,10,0.01,-0.012621571627982045,0.03262157162798204,0.022621571627982045,10,352.5,323.3439035603104,381.6560964396896,29.15609643968955,10,275.4,247.68777967787565,303.1122203221243,27.712220322124317,10,451.6,423.2719066670753,479.92809333292473,28.328093332924695,10,0.4228646569285547,0.4155269615762501,0.4302023522808593,0.007337695352304628,10,1.8446896769098249,1.4617448087411236,2.227634545078526,0.38294486816870127,10,0.985,0.9707260186763037,0.9992739813236963,0.014273981323696243,10,0.9949999999999999,0.9836892141860089,1.006310785813991,0.011310785813991033,10,0.9890000000000001,0.9771012540237283,1.000898745976272,0.011898745976271831,10,0.96,0.9230591282210819,0.996940871778918,0.036940871778917986,10,0.04,0.003059128221082015,0.07694087177891798,0.036940871778917986,10,0.01,-0.012621571627982045,0.03262157162798204,0.022621571627982045,10,31.360000000000003,28.794182316382464,33.92581768361754,2.5658176836175386,10,320.08000000000004,314.26295621513157,325.8970437848685,5.817043784868478,10,457.68,445.9727908875964,469.38720911240364,11.707209112403627,10,0.4370817356365081,0.42891726332799834,0.44524620794501785,0.008164472308509777,10,0.15194231061995647,0.11671702549220546,0.18716759574770747,0.03522528512775101,10,-0.015000000000000003,-0.02927398132369622,-0.0007260186763037874,0.014273981323696215,10,0.0,0.0,0.0,0.0,10,-0.007666666666666666,-0.014780382663861651,-0.0005529506694716803,0.007113715997194986,10,-0.030000000000000006,-0.0645550214413644,0.004555021441364382,0.03455502144136439,10,0.04,0.003059128221082015,0.07694087177891798,0.036940871778917986,10,0.0,0.0,0.0,0.0,10,-321.14,-348.3104694974214,-293.96953050257855,27.17046949742142,10,44.68,19.148276094209535,70.21172390579046,25.531723905790464,10,6.08,-19.319861529557436,31.47986152955744,25.399861529557437,10,0.014217078707953435,0.010069434388271983,0.018364723027634887,0.004147644319681453,10,-1.6927473662898684,-2.0429036229061945,-1.3425911096735423,0.350156256616326,10,0.9108428195251067,0.9061397958357602,0.9155458432144532,0.004703023689346502,10,0.918156569346826,0.9114186934884819,0.9248944452051701,0.006737875858344071,10,10.0,10.0,10.0,0.0,10,313.6,287.9418231638246,339.25817683617544,25.658176836175397,10,352.5,323.3439035603104,381.6560964396896,29.15609643968955,10,0.10842819525106565,0.06139795835760059,0.1554584321445307,0.047030236893465055,10,1.5194231061995649,1.1671702549220546,1.8716759574770752,0.3522528512775102,10,1.844692476699811,1.4617449309212693,2.2276400224783526,0.3829475457785417,10,0.18156657179530403,0.11418835380985928,0.24894478978074877,0.06737821798544474
random_regular_d2,50,1.0,complete,0.0,n_inverse_half,10,10,0.99,0.9739056962688939,1.006094303731106,0.01609430373110613,10,1.0,1.0,1.0,0.0,10,0.994,0.9843434177613363,1.0036565822386636,0.009656582238663673,10,0.97,0.9217170888066816,1.0182829111933183,0.048282911193318366,10,0.030000000000000006,-0.018282911193318367,0.07828291119331837,0.04828291119331837,10,0.0,0.0,0.0,0.0,10,1810.0,1740.064740660327,1879.935259339673,69.935259339673,10,2500.0,2500.0,2500.0,0.0,10,2500.0,2500.0,2500.0,0.0,10,1.0,1.0,1.0,0.0,10,7.529396837149889,6.767576397823599,8.291217276476178,0.7618204393262898,10,0.97,0.9491212348109215,0.9908787651890785,0.02087876518907848,10,1.0,1.0,1.0,0.0,10,0.982,0.9694727408865529,0.9945272591134471,0.012527259113447086,10,0.9100000000000001,0.8473637044327648,0.9726362955672355,0.06263629556723538,10,0.09000000000000001,0.02736370443276462,0.1526362955672354,0.06263629556723539,10,0.0,0.0,0.0,0.0,10,65.38,62.25167300976374,68.50832699023624,3.1283269902362507,10,2500.0,2500.0,2500.0,0.0,10,2500.0,2500.0,2500.0,0.0,10,1.0,1.0,1.0,0.0,10,0.2672201019100248,0.22469226165592318,0.30974794216412643,0.04252784025410163,10,-0.020000000000000004,-0.0366727256129257,-0.0033272743870743082,0.016672725612925696,10,0.0,0.0,0.0,0.0,10,-0.011999999999999999,-0.022003635367755417,-0.001996364632244582,0.010003635367755417,10,-0.06000000000000001,-0.1100181768387771,-0.009981823161222918,0.050018176838777094,10,0.06000000000000001,0.009981823161222918,0.1100181768387771,0.050018176838777094,10,0.0,0.0,0.0,0.0,10,-1744.6200000000001,-1813.6569928060098,-1675.5830071939904,69.03699280600962,10,0.0,0.0,0.0,0.0,10,0.0,0.0,0.0,0.0,10,0.0,0.0,0.0,0.0,10,-7.262176735239864,-7.992632350969718,-6.53172111951001,0.730455615729854,10,0.9638197655218338,0.9619994970394941,0.9656400340041735,0.0018202684823397292,10,0.964608708373625,0.9607866747287841,0.9684307420184659,0.003822033644840923,10,10.0,10.0,10.0,0.0,10,653.8,622.5167300976375,685.0832699023624,31.283269902362502,10,1810.0,1740.064740660327,1879.935259339673,69.935259339673,10,0.6381976552183388,0.6199949703949418,0.6564003400417359,0.01820268482339707,10,2.6722010191002483,2.2469226165592318,3.097479421641265,0.42527840254101634,10,7.529403317199831,6.767580645663802,8.29122598873586,0.7618226715360291,10,0.646087388760767,0.6078671517343992,0.6843076257871348,0.03822023702636778
random_regular_d2,50,1.0,self_masking_gaussian_preserving,0.3,n_inverse_half,10,10,1.0,1.0,1.0,0.0,10,1.0,1.0,1.0,0.0,10,1.0,1.0,1.0,0.0,10,1.0,1.0,1.0,0.0,10,0.0,0.0,0.0,0.0,10,0.0,0.0,0.0,0.0,10,1771.8,1715.023510432632,1828.5764895673678,56.77648956736789,10,660.3,584.4196591546684,736.1803408453316,75.88034084533162,10,1214.35,1211.4784065338993,1217.2215934661006,2.8715934661005384,10,0.4465248051489773,0.44359885236888363,0.44945075792907097,0.0029259527800936727,10,7.805633124890072,6.961042529624123,8.65022372015602,0.8445905952659485,10,0.9933333333333334,0.9832793014986747,1.003387365167992,0.010054031834658719,10,1.0,1.0,1.0,0.0,10,0.9960000000000001,0.9899675808992049,1.0020324191007952,0.0060324191007951845,10,0.9800000000000001,0.949837904496024,1.010162095503976,0.030162095503976055,10,0.02,-0.010162095503976062,0.05016209550397606,0.030162095503976062,10,0.0,0.0,0.0,0.0,10,64.71000000000001,61.4884308583054,67.93156914169462,3.22156914169461,10,827.36,811.8517911443552,842.8682088556449,15.508208855644801,10,1218.19,1206.2178681867706,1230.1621318132295,11.97213181322944,10,0.4587819596457886,0.45262525723556934,0.46493866205600787,0.006156702410219263,10,0.28138079614002437,0.22623308897525654,0.3365285033047922,0.055147707164767835,10,-0.006666666666666668,-0.01672069850132536,0.003387365167992023,0.01005403183465869,10,0.0,0.0,0.0,0.0,10,-0.003999999999999999,-0.01003241910079521,0.0020324191007952113,0.0060324191007952105,10,-0.02,-0.05016209550397606,0.010162095503976062,0.030162095503976062,10,0.02,-0.010162095503976062,0.05016209550397606,0.030162095503976062,10,0.0,0.0,0.0,0.0,10,-1707.0900000000001,-1762.4209486658622,-1651.7590513341381,55.33094866586199,10,167.06,102.00591861877037,232.11408138122965,65.05408138122964,10,3.839999999999999,-7.1461939438408075,14.826193943840806,10.986193943840806,10,0.0122571544968113,0.007253526929022766,0.017260782064599835,0.005003627567788533,10,-7.524252328750049,-8.355837505075057,-6.692667152425041,0.8315851763250083,10,0.9634581288962545,0.961817620763963,0.9650986370285459,0.001640508132291451,10,0.9634996172151311,0.955536701199769,0.9714625332304933,0.007962916015362167,10,10.0,10.0,10.0,0.0,10,647.1,614.8843085830539,679.3156914169462,32.2156914169461,10,1771.8,1715.023510432632,1828.5764895673678,56.77648956736789,10,0.6345812889625461,0.6181762076396314,0.6509863702854607,0.016405081322914662,10,2.8138079614002436,2.2623308897525654,3.365285033047922,0.5514770716476782,10,7.805637023100099,6.961046419950325,8.650227626249873,0.8445906031497734,10,0.6349962839738387,0.5553669385679595,0.7146256293797179,0.07962934540587917
random_regular_d2,50,1.0,self_masking_logistic_population,0.3,n_inverse_half,10,10,0.9966666666666667,0.9891261427906727,1.0042071905426608,0.007540523875994038,10,1.0,1.0,1.0,0.0,10,0.998,0.9934756856744036,1.0025243143255964,0.004524314325596388,10,0.99,0.9673784283720179,1.012621571627982,0.02262157162798204,10,0.01,-0.012621571627982045,0.03262157162798204,0.022621571627982045,10,0.0,0.0,0.0,0.0,10,1779.0,1724.3991087892257,1833.6008912107743,54.60089121077438,10,642.3,567.5977611728305,717.0022388271694,74.70223882716944,10,1207.4,1202.0872741496432,1212.712725850357,5.312725850356852,10,0.44338740462140336,0.439645166689188,0.4471296425536187,0.0037422379322153486,10,7.912924024700037,6.883595343725262,8.942252705674811,1.0293286809747746,10,0.9966666666666667,0.9891261427906727,1.0042071905426608,0.007540523875994038,10,1.0,1.0,1.0,0.0,10,0.998,0.9934756856744036,1.0025243143255964,0.004524314325596388,10,0.99,0.9673784283720179,1.012621571627982,0.02262157162798204,10,0.01,-0.012621571627982045,0.03262157162798204,0.022621571627982045,10,0.0,0.0,0.0,0.0,10,64.97999999999999,62.09250113600472,67.86749886399525,2.887498863995269,10,800.3199999999999,787.6003721762327,813.0396278237672,12.719627823767288,10,1211.5549999999998,1202.449626957151,1220.6603730428487,9.105373042849,10,0.45590910276648045,0.4509259159019647,0.4608922896309962,0.004983186864515791,10,0.27615084230996667,0.23982889126679402,0.3124727933531393,0.03632195104317264,10,0.0,0.0,0.0,0.0,10,0.0,0.0,0.0,0.0,10,0.0,0.0,0.0,0.0,10,0.0,0.0,0.0,0.0,10,0.0,0.0,0.0,0.0,10,0.0,0.0,0.0,0.0,10,-1714.02,-1767.1927439631863,-1660.8472560368136,53.17274396318646,10,158.02,91.48640817301002,224.55359182699,66.53359182698999,10,4.155000000000001,-3.2989032039193935,11.608903203919397,7.453903203919395,10,0.012521698145077148,0.007922540055755805,0.01712085623439849,0.004599158089321344,10,-7.636773182390071,-8.637415886650055,-6.636130478130085,1.0006427042599852,10,0.9634573958714994,0.9620188957059699,0.9648958960370289,0.0014385001655295212,10,0.9649522920493776,0.962343239880613,0.9675613442181422,0.0026090521687646014,10,10.0,10.0,10.0,0.0,10,649.8,620.9250113600473,678.6749886399526,28.874988639952694,10,1779.0,1724.3991087892257,1833.6008912107743,54.60089121077438,10,0.6345739587149928,0.6201889570596976,0.648958960370288,0.014385001655295243,10,2.7615084230996674,2.398288912667941,3.1247279335313936,0.3632195104317264,10,7.912932375200034,6.883600911820612,8.942263838579457,1.0293314633794222,10,0.6495232514471787,0.6234328029865542,0.6756136999078032,0.026090448460624437
scale_free_m2,20,1.0,complete,0.0,n_inverse_half,10,10,0.940047619047619,0.908420194390061,0.971675043705177,0.03162742465755793,10,0.7558962703962704,0.6962418684150528,0.815550672377488,0.0596544019812176,10,0.8164679438208851,0.7729960443738457,0.8599398432679244,0.04347189944703933,10,0.35,0.21406127260621555,0.4859387273937844,0.13593872739378443,10,0.21000000000000002,0.11197318961207782,0.30802681038792223,0.0980268103879222,10,1.0499999999999998,0.8469651809781977,1.253034819021802,0.20303481902180215,10,2102.1,1706.951877476959,2497.248122523041,395.1481225230409,10,1000.0,1000.0,1000.0,0.0,10,1000.0,1000.0,1000.0,0.0,10,1.0,1.0,1.0,0.0,10,13.44448272497992,10.314197002062963,16.57476844789688,3.130285722916957,10,0.8858809523809524,0.8330809798884148,0.9386809248734901,0.05279997249253768,10,0.7937296037296037,0.7382448500886459,0.8492143573705614,0.05548475364095772,10,0.818164552767494,0.7649213027300059,0.8714078028049821,0.053243250037488116,10,0.37,0.23917680023155227,0.5008231997684477,0.13082319976844772,10,0.38,0.19591235187182235,0.5640876481281777,0.18408764812817766,10,0.95,0.767619058863611,1.1323809411363888,0.18238094113638892,10,133.86,102.08968336092182,165.63031663907822,31.770316639078192,10,1000.0,1000.0,1000.0,0.0,10,1000.0,1000.0,1000.0,0.0,10,1.0,1.0,1.0,0.0,10,0.7989233434099696,0.5436050780203641,1.0542416087995752,0.2553182653896056,10,-0.05416666666666666,-0.0871561593956455,-0.02117717393768783,0.03298949272897883,10,0.03783333333333334,0.01600738426853314,0.059659282398133534,0.021825949064800197,10,0.0016966089466089519,-0.021892221655758153,0.02528543954897606,0.023588830602367106,10,0.020000000000000004,-0.07418111302491591,0.11418111302491592,0.09418111302491591,10,0.17,0.05293959004774915,0.2870604099522509,0.11706040995225087,10,-0.09999999999999999,-0.1476904603980443,-0.05230953960195568,0.04769046039804431,10,-1968.2399999999998,-2336.3205008438163,-1600.1594991561833,368.08050084381637,10,0.0,0.0,0.0,0.0,10,0.0,0.0,0.0,0.0,10,0.0,0.0,0.0,0.0,10,-12.645559381569953,-15.552826779490555,-9.73829198364935,2.907267397920602,10,0.9369497904478312,0.9294528610598857,0.9444467198357768,0.007496929387945519,10,0.9417240584186211,0.9327333311202773,0.9507147857169648,0.008990727298343708,10,10.0,10.0,10.0,0.0,10,1338.6,1020.896833609218,1656.3031663907818,317.7031663907819,10,2102.1,1706.951877476959,2497.248122523041,395.1481225230409,10,0.3694979044783123,0.29452861059885704,0.4444671983577676,0.07496929387945529,10,7.989233434099697,5.43605078020364,10.542416087995754,2.5531826538960565,10,13.444513473199914,10.314236305106398,16.57479064129343,3.1302771680935155,10,0.4172418800308318,0.32733450918537776,0.5071492508762858,0.08990737084545401
scale_free_m2,20,1.0,self_masking_gaussian_preserving,0.3,n_inverse_half,10,10,0.9141666666666668,0.8661420533740027,0.9621912799593308,0.04802461329266408,10,0.5831713286713287,0.5129542254687487,0.6533884318739087,0.07021710320258007,10,0.6881229603729604,0.6266946320568563,0.7495512886890645,0.061428328316104154,10,0.18000000000000002,0.09878607239127915,0.26121392760872086,0.08121392760872087,10,0.06000000000000001,-0.016898556772811574,0.1368985567728116,0.07689855677281159,10,1.67,1.446184853537952,1.8938151464620478,0.22381514646204795,10,1050.3,850.8192781419638,1249.780721858036,199.48072185803616,10,162.4,153.1144334425963,171.68556655740372,9.285566557403724,10,343.7,338.45350744715483,348.94649255284514,5.246492552845127,10,0.34531797896567007,0.3343869409071345,0.35624901702420564,0.010931038058535581,10,6.503572901659941,4.981651700231444,8.025494103088437,1.5219212014284973,10,0.9208333333333334,0.8732050103693626,0.9684616562973042,0.04762832296397075,10,0.6552470862470863,0.599164668213385,0.7113295042807876,0.056082418033701266,10,0.7404050116550118,0.6893538954953766,0.791456127814647,0.051051116159635195,10,0.27,0.19421867292816777,0.3457813270718323,0.07578132707183224,10,0.12000000000000002,0.03878607239127915,0.2012139276087209,0.08121392760872087,10,1.48,1.2868683552267266,1.6731316447732734,0.19313164477327344,10,72.04,56.32578705162108,87.75421294837894,15.714212948378933,10,280.1,266.53443198350953,293.6655680164905,13.565568016490497,10,407.54,385.0042780162627,430.07572198373737,22.535721983737325,10,0.40232093527952406,0.38745056262055,0.4171913079384981,0.01487037265897409,10,0.40389266826001863,0.3056412889603513,0.5021440475596859,0.09825137929966732,10,0.006666666666666665,-0.03194657527119544,0.045279908604528775,0.03861324193786211,10,0.07207575757575758,0.038248154767365504,0.10590336038414966,0.03382760280839208,10,0.05228205128205129,0.020492958449630394,0.08407114411447218,0.031789092832420894,10,0.09,0.027363704432764605,0.1526362955672354,0.06263629556723539,10,0.06,-0.00032419100795214734,0.12032419100795214,0.060324191007952145,10,-0.19,-0.2756438879421773,-0.1043561120578227,0.0856438879421773,10,-978.2599999999999,-1162.791312050841,-793.7286879491587,184.53131205084117,10,117.7,101.27397644895336,134.12602355104664,16.426023551046644,10,63.839999999999996,42.581099315128284,85.09890068487171,21.25890068487171,10,0.05700295631385399,0.04412436944103708,0.0698815431866709,0.01287858687281691,10,-6.099680233399923,-7.537633945477661,-4.661726521322184,1.4379537120777386,10,0.9319970183164926,0.9274167396578262,0.936577296975159,0.004580278658666364,10,0.937809318375639,0.9300676481542922,0.9455509885969857,0.0077416702213467916,10,10.0,10.0,10.0,0.0,10,720.4,563.2578705162107,877.5421294837893,157.14212948378932,10,1050.3,850.8192781419638,1249.780721858036,199.48072185803616,10,0.3199701831649249,0.27416739657826145,0.3657729697515884,0.0458027865866635,10,4.038926682600186,3.056412889603513,5.02144047559686,0.9825137929966732,10,6.503574175799986,4.981653529788822,8.025494821811149,1.5219206460111634,10,0.37809326939042703,0.3006764881674463,0.45551005061340777,0.07741678122298076
scale_free_m2,20,1.0,self_masking_logistic_population,0.3,n_inverse_half,10,10,0.925,0.8854571591950959,0.9645428408049042,0.039542840804904056,10,0.590493006993007,0.5482242504786627,0.6327617635073512,0.04226875651434426,10,0.6964616494616495,0.6562766624238419,0.736646636499457,0.04018498703780754,10,0.20000000000000004,0.13255550410926878,0.26744449589073127,0.06744449589073126,10,0.06000000000000001,0.009981823161222918,0.1100181768387771,0.050018176838777094,10,1.6700000000000004,1.4946118884430315,1.8453881115569692,0.17538811155696898,10,1046.8,860.2355528462028,1233.364447153797,186.5644471537971,10,153.1,147.22564635496803,158.97435364503195,5.874353645031945,10,336.2,330.322259584064,342.077740415936,5.877740415935974,10,0.3392872666028176,0.3294893575912927,0.3490851756143425,0.00979790901152487,10,6.279955747389981,4.833484983777358,7.726426511002605,1.4464707636126233,10,0.9105000000000001,0.8615799735717716,0.9594200264282285,0.048920026428228416,10,0.6849020979020979,0.6258648550184417,0.7439393407857541,0.059037242883656194,10,0.7556434676434675,0.7032086291926286,0.8080783060943063,0.05243483845083884,10,0.30999999999999994,0.186326213014749,0.4336737869852509,0.12367378698525096,10,0.15999999999999998,0.0695137134880718,0.25048628651192817,0.09048628651192818,10,1.44,1.248642956207678,1.631357043792322,0.19135704379232207,10,72.86,57.818282121081275,87.90171787891873,15.041717878918726,10,275.91,259.8758086823044,291.94419131769564,16.034191317695612,10,401.815,379.4325323813839,424.1974676186161,22.382467618616094,10,0.39912544140918377,0.38423626512981995,0.4140146176885476,0.014889176279363803,10,0.43147184088996254,0.3286663474644185,0.5342773343155066,0.10280549342554407,10,-0.014500000000000002,-0.04773181675821163,0.01873181675821162,0.03323181675821162,10,0.09440909090909091,0.058994152692222156,0.12982402912595967,0.03541493821686876,10,0.05918181818181819,0.029697994216917132,0.08866564214671925,0.029483823964901058,10,0.11000000000000001,0.031274619496864275,0.18872538050313575,0.07872538050313574,10,0.1,0.02459476124005984,0.17540523875994019,0.07540523875994017,10,-0.22999999999999998,-0.31294576263593415,-0.1470542373640658,0.08294576263593419,10,-973.9399999999999,-1146.5772145035219,-801.302785496478,172.6372145035219,10,122.81000000000002,104.57921973743507,141.04078026256497,18.23078026256495,10,65.615,45.116130223655645,86.11386977634434,20.49886977634435,10,0.05983817480636623,0.04845680120576404,0.07121954840696842,0.011381373600602191,10,-5.848483906500019,-7.20006179820333,-4.496906014796708,1.3515778917033112,10,0.9307420021029366,0.9254386496585195,0.9360453545473536,0.00530335244441708,10,0.9310323245937753,0.9256283581058743,0.9364362910816763,0.0054039664879010334,10,10.0,10.0,10.0,0.0,10,728.6,578.1828212108128,879.0171787891873,150.4171787891873,10,1046.8,860.2355528462028,1233.364447153797,186.5644471537971,10,0.3074200210293653,0.25438649658519424,0.3604535454735363,0.05303352444417105,10,4.314718408899625,3.2866634746441847,5.342773343155066,1.0280549342554406,10,6.279959256499888,4.833484107579494,7.726434405420282,1.4464751489203942,10,0.3103233966716671,0.25628364740087645,0.3643631459424577,0.05403974927079065
scale_free_m2,50,1.0,complete,0.0,n_inverse_half,10,10,0.9424722222222222,0.9070739678533706,0.9778704765910737,0.03539825436885156,10,0.7956067374318148,0.7560163582599004,0.8351971166037291,0.03959037917191428,10,0.8448061006681696,0.8202157209166776,0.8693964804196617,0.024590379751491986,10,0.41,0.32435611205782267,0.4956438879421773,0.08564388794217728,10,0.29000000000000004,0.11331987752405409,0.466680122475946,0.17668012247594594,10,1.4700000000000002,1.308098086331369,1.6319019136686315,0.16190191366863124,10,16892.2,14643.807517931275,19140.592482068725,2248.3924820687257,10,2500.0,2500.0,2500.0,0.0,10,2500.0,2500.0,2500.0,0.0,10,1.0,1.0,1.0,0.0,10,113.86255289480027,93.42414639149736,134.3009593981032,20.438406503302915,10,0.8517633477633476,0.8154018716970567,0.8881248238296385,0.03636147606629087,10,0.8097783060592658,0.7738244590348127,0.845732153083719,0.035953847024453096,10,0.810602724743959,0.7793555730510113,0.8418498764369067,0.03124715169294765,10,0.31999999999999995,0.21443266573608372,0.4255673342639162,0.10556733426391622,10,0.62,0.4126698713518137,0.8273301286481862,0.20733012864818628,10,1.4,1.2347953991084715,1.5652046008915284,0.1652046008915284,10,604.1600000000001,468.49897918521606,739.8210208147841,135.66102081478405,10,2500.0,2500.0,2500.0,0.0,10,2500.0,2500.0,2500.0,0.0,10,1.0,1.0,1.0,0.0,10,4.082876613389981,3.0621829514342283,5.103570275345734,1.0206936619557532,10,-0.09070887445887447,-0.11835536586410553,-0.06306238305364342,0.027646491405231045,10,0.01417156862745098,-0.0010575339469218199,0.029400671201823783,0.0152291025743728,10,-0.03420337592421067,-0.04643840877483934,-0.021968343073581996,0.012235032850628673,10,-0.09,-0.13060696380436043,-0.04939303619563956,0.040606963804360435,10,0.33,0.25421867292816774,0.4057813270718323,0.07578132707183227,10,-0.06999999999999999,-0.14578132707183222,0.005781327071832251,0.07578132707183224,10,-16288.039999999999,-18446.748817980555,-14129.331182019443,2158.708817980555,10,0.0,0.0,0.0,0.0,10,0.0,0.0,0.0,0.0,10,0.0,0.0,0.0,0.0,10,-109.77967628141027,-129.4925129786795,-90.06683958414104,19.712836697269232,10,0.9645212028949487,0.9586143977503722,0.9704280080395252,0.0059068051445764795,10,0.964309085698998,0.9579788269740702,0.9706393444239257,0.006330258724927713,10,10.0,10.0,10.0,0.0,10,6041.6,4684.98979185216,7398.210208147841,1356.6102081478407,10,16892.2,14643.807517931275,19140.592482068725,2248.3924820687257,10,0.6452120289494865,0.5861439775037215,0.7042800803952515,0.059068051445764984,10,40.828766133899805,30.621829514342274,51.035702753457336,10.206936619557533,10,113.86256138550011,93.42415200228228,134.30097076871795,20.43840938321783,10,0.6430908595811313,0.5797882701017091,0.7063934490605536,0.0633025894794222
scale_free_m2,50,1.0,self_masking_gaussian_preserving,0.3,n_inverse_half,10,10,0.9611666666666666,0.9264836720975643,0.9958496612357689,0.034682994569102246,10,0.6528768428424001,0.6233067872014199,0.6824468984833804,0.029570055640980256,10,0.7463112124336381,0.7204731268148855,0.7721492980523906,0.025838085618752563,10,0.27,0.22171708880668164,0.31828291119331836,0.048282911193318366,10,0.08,-0.014181113024915912,0.1741811130249159,0.09418111302491591,10,2.21,2.033319877524054,2.386680122475946,0.176680122475946,10,6872.8,6164.851314912615,7580.748685087386,707.9486850873856,10,389.7,383.8198416562741,395.5801583437259,5.880158343725909,10,856.3,852.9269322546204,859.6730677453795,3.3730677453795095,10,0.337986864503238,0.33133820867904445,0.34463552032743155,0.006648655824193541,10,41.60019252273011,34.869258738497884,48.33112630696234,6.730933784232225,10,0.9501666666666667,0.915399981222725,0.9849333521106084,0.03476668544394169,10,0.7319665339820138,0.7013073257141519,0.7626257422498758,0.030659208267861983,10,0.7997731250696927,0.7795112187705122,0.8200350313688731,0.020261906299180434,10,0.37,0.2942186729281677,0.44578132707183227,0.07578132707183227,10,0.16999999999999998,0.048179108586918665,0.2918208914130813,0.12182089141308132,10,1.9599999999999997,1.8011113026548156,2.118888697345184,0.1588886973451841,10,209.39000000000001,177.67538755203512,241.1046124479649,31.714612447964903,10,676.42,655.2872920343791,697.5527079656208,21.13270796562086,10,1062.955,1031.481367082372,1094.428632917628,31.473632917628056,10,0.4104819662792769,0.40350695856827845,0.41745697399027537,0.00697500771099844,10,1.244886194190026,1.0304776885308695,1.4592946998491825,0.21440850565915648,10,-0.011000000000000001,-0.042580304553480865,0.02058030455348086,0.03158030455348086,10,0.07908969113961374,0.04613827584679326,0.11204110643243423,0.03295141529282048,10,0.05346191263605452,0.029199766372295082,0.07772405889981396,0.02426214626375944,10,0.10000000000000002,0.017397699554235813,0.18260230044576423,0.0826023004457642,10,0.09,0.011274619496864272,0.16872538050313574,0.07872538050313573,10,-0.25000000000000006,-0.3272673769068536,-0.17273262309314652,0.07726737690685352,10,-6663.410000000001,-7348.615340403541,-5978.20465959646,685.2053404035403,10,286.72,263.5509799088318,309.8890200911683,23.16902009116826,10,206.65500000000003,174.69960029520894,238.61039970479112,31.95539970479109,10,0.07249510177603889,0.06282911487087157,0.08216108868120621,0.009665986905167323,10,-40.35530632854008,-46.93866598212574,-33.77194667495442,6.5833596535856636,10,0.9695850816336453,0.9665008023928511,0.9726693608744396,0.0030842792407942336,10,0.9697497141119562,0.965833006486905,0.9736664217370075,0.003916707625051291,10,10.0,10.0,10.0,0.0,10,2093.9,1776.7538755203511,2411.0461244796493,317.146124479649,10,6872.8,6164.851314912615,7580.748685087386,707.9486850873856,10,0.6958508163364516,0.6650080239285092,0.726693608744394,0.030842792407942392,10,12.448861941900258,10.304776885308693,14.592946998491824,2.1440850565915652,10,41.60019941169999,34.869262954080966,48.33113586931901,6.730936457619024,10,0.697497175220174,0.658330096849623,0.736664253590725,0.03916707837055097
scale_free_m2,50,1.0,self_masking_logistic_population,0.3,n_inverse_half,10,10,0.9623333333333333,0.9284979310094178,0.9961687356572487,0.03383540232391546,10,0.6793565900044227,0.6501795644516783,0.7085336155571671,0.029177025552744384,10,0.7662705884250507,0.7426674617015909,0.7898737151485105,0.023603126723459777,10,0.31,0.24736370443276462,0.3726362955672354,0.06263629556723539,10,0.06000000000000001,-0.030486286511928168,0.1504862865119282,0.09048628651192818,10,2.12,1.9520645595446866,2.2879354404553136,0.16793544045531358,10,7314.9,6743.660901199442,7886.139098800557,571.239098800557,10,358.1,350.9587616031261,365.24123839687394,7.141238396873926,10,840.9,831.3235346774876,850.4764653225124,9.5764653225124,10,0.3312712263386869,0.324338675099928,0.3382037775774458,0.006932551238758919,10,44.64266717334004,39.491633425996824,49.79370092068325,5.151033747343211,10,0.9376666666666666,0.9119771889160593,0.963356144417274,0.025689477750607363,10,0.7175538294265074,0.6846201870901314,0.7504874717628833,0.03293364233637602,10,0.7825939142220607,0.7537822284093365,0.8114056000347849,0.028811685812724166,10,0.3,0.22459476124005984,0.37540523875994014,0.07540523875994017,10,0.17,0.11110662584135136,0.22889337415864866,0.05889337415864865,10,1.9600000000000002,1.7975721447825583,2.122427855217442,0.16242785521744177,10,223.56000000000003,195.99581738318244,251.12418261681762,27.56418261681758,10,641.8900000000001,626.771204498382,657.0087955016182,15.118795501618093,10,1052.34,1025.7826977552343,1078.8973022447656,26.55730224476559,10,0.4065399270534207,0.4004353804205595,0.4126444736862819,0.006104546632861187,10,1.3292106782800965,1.1138834373715334,1.5445379191886597,0.2153272409085631,10,-0.02466666666666667,-0.04176775912695552,-0.00756557420637782,0.01710109246028885,10,0.038197239422084625,0.009774370708214776,0.06662010813595448,0.02842286871386985,10,0.01632332579701001,-0.004075299584180254,0.03672195117820028,0.020398625381190263,10,-0.01,-0.06278366713195811,0.04278366713195811,0.05278366713195811,10,0.11000000000000003,0.047363704432764636,0.17263629556723542,0.06263629556723539,10,-0.16,-0.2677002231482596,-0.052299776851740434,0.10770022314825957,10,-7091.339999999999,-7641.264024968787,-6541.415975031211,549.924024968788,10,283.79,271.08353707372726,296.4964629262728,12.70646292627279,10,211.44,180.9112049803229,241.9687950196771,30.528795019677084,10,0.0752687007147338,0.06417938424607221,0.08635801718339538,0.011089316468661587,10,-43.31345649505993,-48.2969282444514,-38.32998474566846,4.9834717493914695,10,0.9695057723365279,0.9672233052928997,0.9717882393801561,0.002282467043628256,10,0.9703010445286532,0.9675723999583639,0.9730296890989425,0.002728644570289278,10,10.0,10.0,10.0,0.0,10,2235.6,1959.958173831824,2511.2418261681755,275.6418261681758,10,7314.9,6743.660901199442,7886.139098800557,571.239098800557,10,0.6950577233652779,0.6722330529289955,0.7178823938015604,0.022824670436282446,10,13.292106782800966,11.138834373715335,15.445379191886596,2.1532724090856306,10,44.642671808099976,39.491637388454386,49.79370622774557,5.15103441964559,10,0.703010451023445,0.6757239883740713,0.7302969136728186,0.02728646264937367
small_world_k2,20,1.0,complete,0.0,n_inverse_half,10,10,0.9800000000000001,0.9543671477423963,1.005632852257604,0.025632852257603856,10,0.9925,0.9755338212790136,1.0094661787209867,0.016966178720986526,10,0.9832380952380951,0.9662795271427321,1.0001966633334582,0.016958568095363023,10,0.9199999999999999,0.838786072391279,1.0012139276087209,0.08121392760872088,10,0.06000000000000001,-0.016898556772811574,0.1368985567728116,0.07689855677281159,10,0.02,-0.02524314325596409,0.06524314325596409,0.04524314325596409,10,446.2,379.8349930209401,512.5650069790598,66.36500697905988,10,1000.0,1000.0,1000.0,0.0,10,1000.0,1000.0,1000.0,0.0,10,1.0,1.0,1.0,0.0,10,2.389453504269882,1.9025224544318495,2.8763845541079145,0.4869310498380324,10,0.9583333333333333,0.9218008980591872,0.9948657686074793,0.036532435274146104,10,0.9974999999999999,0.9918446070930044,1.0031553929069954,0.005655392906995516,10,0.9725714285714286,0.9496586595620782,0.9954841975807791,0.022912769009350513,10,0.8800000000000001,0.7744326657360839,0.9855673342639163,0.10556733426391622,10,0.11000000000000001,0.006334935675906872,0.21366506432409316,0.10366506432409314,10,0.01,-0.012621571627982045,0.03262157162798204,0.022621571627982045,10,38.52,32.12540456202897,44.91459543797104,6.394595437971034,10,1000.0,1000.0,1000.0,0.0,10,1000.0,1000.0,1000.0,0.0,10,1.0,1.0,1.0,0.0,10,0.18769181246994315,0.14283946894757463,0.23254415599231168,0.044852343522368526,10,-0.021666666666666667,-0.038574562224267764,-0.0047587711090655745,0.016907895557601093,10,0.005,-0.006310785813991022,0.01631078581399102,0.011310785813991022,10,-0.010666666666666668,-0.021017925986202154,-0.00031540734713118336,0.010351259319535485,10,-0.04,-0.07694087177891801,-0.003059128221082001,0.036940871778918,10,0.05,0.01229738062002992,0.08770261937997009,0.03770261937997008,10,-0.01,-0.03262157162798204,0.012621571627982045,0.022621571627982045,10,-407.68,-468.1067661461092,-347.25323385389083,60.42676614610918,10,0.0,0.0,0.0,0.0,10,0.0,0.0,0.0,0.0,10,0.0,0.0,0.0,0.0,10,-2.2017616917999385,-2.6498215642217247,-1.7537018193781526,0.44805987242178597,10,0.9138050905186417,0.9087276648601995,0.9188825161770838,0.005077425658442192,10,0.9212521485430246,0.9126514981969353,0.929852798889114,0.008600650346089395,10,10.0,10.0,10.0,0.0,10,385.2,321.2540456202896,449.14595437971036,63.94595437971035,10,446.2,379.8349930209401,512.5650069790598,66.36500697905988,10,0.1380509051864174,0.08727664860199583,0.188825161770839,0.050774256584421584,10,1.8769181246994322,1.4283946894757469,2.3254415599231173,0.4485234352236853,10,2.3894541974999357,1.902522419916105,2.876385975083766,0.4869317775838306,10,0.2125215377054012,0.12651516505003652,0.29852791036076587,0.08600637265536466
small_world_k2,20,1.0,self_masking_gaussian_preserving,0.3,n_inverse_half,10,10,1.0,1.0,1.0,0.0,10,0.9891666666666665,0.9713823766736791,1.006950956659654,0.01778428999298746,10,0.9932380952380953,0.9820274380012023,1.004448752474988,0.011210657236892936,10,0.97,0.9217170888066816,1.0182829111933183,0.048282911193318366,10,0.0,0.0,0.0,0.0,10,0.030000000000000006,-0.018282911193318367,0.07828291119331837,0.04828291119331837,10,396.6,343.2791646818754,449.92083531812466,53.320835318124644,10,229.4,201.1171042082977,257.6828957917023,28.28289579170232,10,416.45,376.0897201640998,456.8102798359002,40.3602798359002,10,0.4146825421570511,0.40450271028601675,0.4248623740280854,0.01017983187103431,10,2.2875889640098697,1.9548898743738543,2.620288053645885,0.3326990896360153,10,0.9866666666666667,0.9709698144958474,1.002363518837486,0.01569685217081934,10,0.9941666666666666,0.9852578852758408,1.0030754480574926,0.008908781390825871,10,0.9879047619047618,0.9754783607105013,1.0003311630990224,0.012426401194260544,10,0.95,0.8994166280819516,1.0005833719180484,0.05058337191804843,10,0.030000000000000006,-0.004555021441364382,0.0645550214413644,0.03455502144136439,10,0.02,-0.010162095503976062,0.05016209550397606,0.030162095503976062,10,35.17,29.817709806731557,40.52229019326845,5.352290193268446,10,321.07,312.6875248183826,329.4524751816174,8.382475181617393,10,447.65500000000003,428.1117175022799,467.1982824977202,19.54328249772013,10,0.4324241935910468,0.4204954661304371,0.44435292105165647,0.011928727460609695,10,0.18139323174008945,0.15538881024530332,0.20739765323487558,0.026004421494786132,10,-0.013333333333333336,-0.029030185504152657,0.0023635188374859853,0.01569685217081932,10,0.005,-0.006310785813991022,0.01631078581399102,0.011310785813991022,10,-0.005333333333333334,-0.013684839408964719,0.0030181727422980507,0.008351506075631385,10,-0.02,-0.05016209550397607,0.010162095503976072,0.030162095503976073,10,0.030000000000000006,-0.004555021441364382,0.0645550214413644,0.03455502144136439,10,-0.01,-0.03262157162798204,0.012621571627982045,0.022621571627982045,10,-361.43,-409.7561468467661,-313.1038531532339,48.32614684676611,10,91.67,66.43780147663995,116.90219852336006,25.23219852336006,10,31.205000000000002,3.1149774946934485,59.295022505306555,28.090022505306553,10,0.017741651433995774,0.013049894546728513,0.022433408321263035,0.0046917568872672614,10,-2.10619573226978,-2.416375150369961,-1.796016314169599,0.31017941810018085,10,0.9115426839733421,0.9067898032048385,0.9162955647418458,0.00475288076850371,10,0.9203003327141515,0.9145982283089262,0.9260024371193767,0.005702104405225228,10,10.0,10.0,10.0,0.0,10,351.7,298.1770980673155,405.22290193268447,53.522901932684455,10,396.6,343.2791646818754,449.92083531812466,53.320835318124644,10,0.11542683973342119,0.06789803204838418,0.1629556474184582,0.047528807685037,10,1.8139323174008948,1.5538881024530335,2.0739765323487562,0.2600442149478613,10,2.287590778499998,1.9548910994225472,2.6202904575774486,0.33269967907745074,10,0.2030038276410075,0.14598247121147687,0.2600251840705381,0.05702135642953062
small_world_k2,20,1.0,self_masking_logistic_population,0.3,n_inverse_half,10,10,1.0,1.0,1.0,0.0,10,0.9891666666666665,0.9713823766736791,1.006950956659654,0.01778428999298746,10,0.9932380952380953,0.9820274380012023,1.004448752474988,0.011210657236892936,10,0.97,0.9217170888066816,1.0182829111933183,0.048282911193318366,10,0.0,0.0,0.0,0.0,10,0.030000000000000006,-0.018282911193318367,0.07828291119331837,0.04828291119331837,10,395.2,347.1569795665383,443.24302043346165,48.04302043346169,10,223.5,192.864214681107,254.135785318893,30.635785318893003,10,411.2,373.7291345548106,448.67086544518935,37.47086544518938,10,0.41311237745878326,0.4030100770024822,0.4232146779150843,0.010102300456301052,10,2.0593650897900444,1.6907135129466209,2.428016666633468,0.3686515768434235,10,0.9883333333333333,0.9745090395606776,1.002157627105989,0.01382429377265572,10,0.9941666666666666,0.9852578852758408,1.0030754480574926,0.008908781390825871,10,0.9892380952380954,0.9777790100298218,1.000697180446369,0.011459085208273502,10,0.95,0.8994166280819516,1.0005833719180484,0.05058337191804843,10,0.030000000000000006,-0.004555021441364382,0.0645550214413644,0.03455502144136439,10,0.02,-0.010162095503976062,0.05016209550397606,0.030162095503976062,10,34.35,29.692757329571403,39.007242670428596,4.657242670428598,10,313.23,303.84157536791,322.61842463209,9.388424632089997,10,448.89,434.1275125407675,463.6524874592325,14.762487459232515,10,0.4331335675068739,0.4258136704022243,0.44045346461152346,0.007319897104649573,10,0.16008396612004155,0.12580867021882333,0.19435926202125978,0.03427529590121822,10,-0.011666666666666669,-0.025490960439322363,0.002157627105989027,0.013824293772655696,10,0.005,-0.006310785813991022,0.01631078581399102,0.011310785813991022,10,-0.003999999999999999,-0.01003241910079521,0.0020324191007952113,0.0060324191007952105,10,-0.02,-0.05016209550397606,0.010162095503976062,0.030162095503976062,10,0.030000000000000006,-0.004555021441364382,0.0645550214413644,0.03455502144136439,10,-0.01,-0.03262157162798204,0.012621571627982045,0.022621571627982045,10,-360.85,-404.6435456638389,-317.05645433616115,43.793545663838884,10,89.72999999999999,61.04389966961595,118.41610033038403,28.686100330384033,10,37.690000000000005,9.61275125731406,65.76724874268595,28.077248742685946,10,0.020021190048090668,0.014050439328729444,0.025991940767451892,0.005970750719361223,10,-1.899281123670003,-2.236400088507638,-1.562162158832368,0.33711896483763504,10,0.9131247573546719,0.9086256445417937,0.9176238701675501,0.004499112812878236,10,0.9226910834618925,0.9160447034761434,0.9293374634476417,0.006646379985749125,10,10.0,10.0,10.0,0.0,10,343.5,296.927573295714,390.072426704286,46.57242670428599,10,395.2,347.1569795665383,443.24302043346165,48.04302043346169,10,0.13124757354671884,0.08625644541793642,0.17623870167550126,0.04499112812878242,10,1.6008396612004159,1.2580867021882336,1.9435926202125982,0.34275295901218233,10,2.0593659650000062,1.6907142368790424,2.42801769312097,0.3686517281209638,10,0.22691098361510526,0.16044690204491838,0.2933750651852921,0.06646408157018688
small_world_k2,50,1.0,complete,0.0,n_inverse_half,10,10,0.9966666666666667,0.9891261427906727,1.0042071905426608,0.007540523875994038,10,1.0,1.0,1.0,0.0,10,0.998,0.9934756856744036,1.0025243143255964,0.004524314325596388,10,0.99,0.9673784283720179,1.012621571627982,0.02262157162798204,10,0.01,-0.012621571627982045,0.03262157162798204,0.022621571627982045,10,0.0,0.0,0.0,0.0,10,1941.7,1845.3103648831293,2038.0896351168708,96.3896351168708,10,2500.0,2500.0,2500.0,0.0,10,2500.0,2500.0,2500.0,0.0,10,1.0,1.0,1.0,0.0,10,8.762046837530107,7.686965957267076,9.837127717793138,1.075080880263031,10,0.9466666666666667,0.9198297455049005,0.9735035878284328,0.026836921161766173,10,1.0,1.0,1.0,0.0,10,0.9666666666666666,0.9496935074151559,0.9836398259181772,0.016973159251510647,10,0.8600000000000001,0.7908899571172714,0.9291100428827288,0.06911004288272876,10,0.15000000000000002,0.0727326230931465,0.22726737690685356,0.07726737690685352,10,0.0,0.0,0.0,0.0,10,69.17999999999999,64.66779184454299,73.692208155457,4.512208155457,10,2500.0,2500.0,2500.0,0.0,10,2500.0,2500.0,2500.0,0.0,10,1.0,1.0,1.0,0.0,10,0.29167064132998344,0.24624213968975683,0.33709914297021004,0.045428501640226604,10,-0.05000000000000001,-0.07920432339340423,-0.020795676606595783,0.029204323393404227,10,0.0,0.0,0.0,0.0,10,-0.03133333333333333,-0.0497420981461511,-0.012924568520515566,0.018408764812817766,10,-0.13,-0.20578132707183228,-0.05421867292816773,0.07578132707183227,10,0.14,0.056032279772343235,0.2239677202276568,0.08396772022765678,10,0.0,0.0,0.0,0.0,10,-1872.52,-1968.280703571642,-1776.7592964283579,95.76070357164218,10,0.0,0.0,0.0,0.0,10,0.0,0.0,0.0,0.0,10,0.0,0.0,0.0,0.0,10,-8.470376196200123,-9.527542280101699,-7.413210112298548,1.057166083901575,10,0.9642540866706554,0.9615852557952304,0.9669229175460804,0.002668830875425048,10,0.9664412236041537,0.9618571042356203,0.9710253429726872,0.004584119368533459,10,10.0,10.0,10.0,0.0,10,691.8,646.6779184454299,736.92208155457,45.12208155457002,10,1941.7,1845.3103648831293,2038.0896351168708,96.3896351168708,10,0.6425408667065529,0.6158525579523023,0.6692291754608034,0.026688308754250514,10,2.916706413299835,2.462421396897569,3.3709914297021006,0.45428501640226593,10,8.762048512800039,7.68696865265474,9.837128372945338,1.0750798601452989,10,0.6644123030032509,0.6185710825731686,0.7102535234333333,0.045841220430082326
small_world_k2,50,1.0,self_masking_gaussian_preserving,0.3,n_inverse_half,10,10,1.0,1.0,1.0,0.0,10,1.0,1.0,1.0,0.0,10,1.0,1.0,1.0,0.0,10,1.0,1.0,1.0,0.0,10,0.0,0.0,0.0,0.0,10,0.0,0.0,0.0,0.0,10,1882.6,1808.9331338133286,1956.2668661866712,73.66686618667129,10,581.0,545.4826116641731,616.5173883358269,35.5173883358269,10,1210.7,1206.610699443008,1214.7893005569922,4.089300556992183,10,0.4402207431276561,0.43654192366362476,0.4438995625916874,0.003678819464031289,10,9.010310781849943,8.24222023821496,9.778401325484927,0.7680905436349836,10,0.9799999999999999,0.9643031478291805,0.9956968521708193,0.015696852170819346,10,1.0,1.0,1.0,0.0,10,0.9873333333333333,0.9771668228137249,0.9974998438529417,0.010166510519608388,10,0.95,0.9122973806200299,0.9877026193799701,0.037702619379970076,10,0.05,0.01229738062002992,0.08770261937997009,0.03770261937997008,10,0.0,0.0,0.0,0.0,10,68.37,65.18828312113368,71.55171687886633,3.1817168788663257,10,808.53,794.7341360438903,822.3258639561096,13.795863956109605,10,1203.1750000000002,1188.5949505500728,1217.7550494499276,14.580049449927364,10,0.4530644836846916,0.4493106075599071,0.4568183598094761,0.003753876124784528,10,0.3023061284600089,0.2761299656932483,0.32848229122676953,0.02617616276676058,10,-0.02,-0.03569685217081932,-0.004303147829180679,0.01569685217081932,10,0.0,0.0,0.0,0.0,10,-0.012666666666666668,-0.022833177186275047,-0.002500156147058289,0.010166510519608379,10,-0.05,-0.08770261937997009,-0.01229738062002992,0.03770261937997008,10,0.05,0.01229738062002992,0.08770261937997009,0.03770261937997008,10,0.0,0.0,0.0,0.0,10,-1814.23,-1887.1929292346153,-1741.2670707653847,72.96292923461526,10,227.53000000000003,191.63259103274606,263.427408967254,35.89740896725397,10,-7.525,-21.42985943753431,6.379859437534309,13.90485943753431,10,0.01284374055703561,0.008873282351281833,0.016814198762789386,0.0039704582057537765,10,-8.708004653389935,-9.463604079604442,-7.952405227175427,0.7555994262145079,10,0.9636166569757961,0.9617101492677417,0.9655231646838506,0.0019065077080544575,10,0.96622881107892,0.9633181854580366,0.9691394366998034,0.002910625620883411,10,10.0,10.0,10.0,0.0,10,683.7,651.8828312113368,715.5171687886633,31.817168788663263,10,1882.6,1808.9331338133286,1956.2668661866712,73.66686618667129,10,0.6361665697579607,0.6171014926774162,0.6552316468385052,0.019065077080544494,10,3.0230612846000895,2.7612996569324837,3.2848229122676953,0.2617616276676059,10,9.01031128069999,8.242221061226665,9.778401500173313,0.768090219473323,10,0.6622881240103069,0.6331818621564174,0.6913943858641964,0.029106261853889526
small_world_k2,50,1.0,self_masking_logistic_population,0.3,n_inverse_half,10,10,1.0,1.0,1.0,0.0,10,1.0,1.0,1.0,0.0,10,1.0,1.0,1.0,0.0,10,1.0,1.0,1.0,0.0,10,0.0,0.0,0.0,0.0,10,0.0,0.0,0.0,0.0,10,1886.2,1827.6146423260545,1944.7853576739456,58.58535767394542,10,562.5,542.3222287634852,582.6777712365148,20.177771236514765,10,1205.0,1199.863580220568,1210.136419779432,5.136419779431799,10,0.4375485977762922,0.4338094676757924,0.44128772787679194,0.0037391301004997507,10,8.565678810300051,7.734755512440677,9.396602108159424,0.8309232978593738,10,0.9783333333333333,0.958029851431153,0.9986368152355135,0.020303481902180242,10,1.0,1.0,1.0,0.0,10,0.986,0.972997606080751,0.9990023939192489,0.013002393919248997,10,0.95,0.8994166280819516,1.0005833719180484,0.05058337191804843,10,0.05,-0.000583371918048449,0.10058337191804845,0.05058337191804845,10,0.0,0.0,0.0,0.0,10,68.07000000000001,63.838690944676976,72.30130905532303,4.231309055323029,10,798.45,779.0196559749525,817.8803440250476,19.43034402504761,10,1202.775,1183.8030865088515,1221.7469134911487,18.97191349114864,10,0.45333439847466134,0.44658012899104926,0.4600886679582734,0.006754269483612064,10,0.29958371314994564,0.2484499914500779,0.3507174348498134,0.05113372169986774,10,-0.021666666666666667,-0.041970148568846885,-0.0013631847644864463,0.02030348190218022,10,0.0,0.0,0.0,0.0,10,-0.014000000000000002,-0.027002393919248968,-0.0009976060807510342,0.013002393919248968,10,-0.05,-0.10058337191804845,0.000583371918048449,0.05058337191804845,10,0.05,-0.000583371918048449,0.10058337191804845,0.05058337191804845,10,0.0,0.0,0.0,0.0,10,-1818.1299999999999,-1875.3502860309313,-1760.9097139690684,57.220286030931405,10,235.95,210.01317909002762,261.88682090997236,25.93682090997237,10,-2.2249999999999996,-19.446186787038684,14.996186787038686,17.221186787038686,10,0.015785800698369254,0.010458476716786468,0.02111312467995204,0.005327323981582786,10,-8.266095097150105,-9.054926769816923,-7.4772634244832865,0.7888316726668185,10,0.9638958579272703,0.9618165516817417,0.9659751641727988,0.0020793062455285592,10,0.9653384583278285,0.9617558604348349,0.9689210562208221,0.0035825978929935887,10,10.0,10.0,10.0,0.0,10,680.7,638.3869094467698,723.0130905532303,42.3130905532303,10,1886.2,1827.6146423260545,1944.7853576739456,58.58535767394542,10,0.6389585792727034,0.6181655168174178,0.659751641727989,0.020793062455285574,10,2.9958371314994565,2.484499914500779,3.507174348498134,0.5113372169986774,10,8.565678462700134,7.734755230807693,9.396601694592576,0.8309232318924417,10,0.653384572340787,0.617558592418429,0.6892105522631449,0.035825979922357934
