evaluation_scope,topology,p,gamma,missingness_mode,missing_rate_target,alpha_schedule,n_graph_cells,f1_halfwidth95,needs_more_seeds
dedicated_local,er_expected_degree_2,20,1.0,complete,0.0,n_inverse_half,10,0.027299692320043936,False
dedicated_local,er_expected_degree_2,20,1.0,self_masking_gaussian_preserving,0.3,n_inverse_half,10,0.04033230369402303,False
dedicated_local,er_expected_degree_2,20,1.0,self_masking_logistic_population,0.3,n_inverse_half,10,0.034643048833499585,False
dedicated_local,er_expected_degree_2,50,1.0,complete,0.0,n_inverse_half,10,0.026083359345932644,False
dedicated_local,er_expected_degree_2,50,1.0,self_masking_gaussian_preserving,0.3,n_inverse_half,10,0.015109208592279074,False
dedicated_local,er_expected_degree_2,50,1.0,self_masking_logistic_population,0.3,n_inverse_half,10,0.024651197233756278,False
dedicated_local,random_regular_d2,20,1.0,complete,0.0,n_inverse_half,10,0.01000363536775541,False
dedicated_local,random_regular_d2,20,1.0,self_masking_gaussian_preserving,0.3,n_inverse_half,10,0.004524314325596389,False
dedicated_local,random_regular_d2,20,1.0,self_masking_logistic_population,0.3,n_inverse_half,10,0.011898745976271831,False
dedicated_local,random_regular_d2,50,1.0,complete,0.0,n_inverse_half,10,0.01252725911344709,False
dedicated_local,random_regular_d2,50,1.0,self_masking_gaussian_preserving,0.3,n_inverse_half,10,0.0060324191007951845,False
dedicated_local,random_regular_d2,50,1.0,self_masking_logistic_population,0.3,n_inverse_half,10,0.004524314325596389,False
dedicated_local,scale_free_m2,20,1.0,complete,0.0,n_inverse_half,10,0.05324325003748812,True
dedicated_local,scale_free_m2,20,1.0,self_masking_gaussian_preserving,0.3,n_inverse_half,10,0.051051116159635195,True
dedicated_local,scale_free_m2,20,1.0,self_masking_logistic_population,0.3,n_inverse_half,10,0.05243483845083884,True
dedicated_local,scale_free_m2,50,1.0,complete,0.0,n_inverse_half,10,0.031247151692947655,False
dedicated_local,scale_free_m2,50,1.0,self_masking_gaussian_preserving,0.3,n_inverse_half,10,0.020261906299180437,False
dedicated_local,scale_free_m2,50,1.0,self_masking_logistic_population,0.3,n_inverse_half,10,0.028811685812724166,False
dedicated_local,small_world_k2,20,1.0,complete,0.0,n_inverse_half,10,0.02291276900935051,False
dedicated_local,small_world_k2,20,1.0,self_masking_gaussian_preserving,0.3,n_inverse_half,10,0.012426401194260542,False
dedicated_local,small_world_k2,20,1.0,self_masking_logistic_population,0.3,n_inverse_half,10,0.011459085208273502,False
dedicated_local,small_world_k2,50,1.0,complete,0.0,n_inverse_half,10,0.016973159251510647,False
dedicated_local,small_world_k2,50,1.0,self_masking_gaussian_preserving,0.3,n_inverse_half,10,0.01016651051960839,False
dedicated_local,small_world_k2,50,1.0,self_masking_logistic_population,0.3,n_inverse_half,10,0.013002393919248997,False
global_whole_skeleton,er_expected_degree_2,20,1.0,complete,0.0,n_inverse_half,10,0.03008843451001715,False
global_whole_skeleton,er_expected_degree_2,20,1.0,self_masking_gaussian_preserving,0.3,n_inverse_half,10,0.0376417389405403,False
global_whole_skeleton,er_expected_degree_2,20,1.0,self_masking_logistic_population,0.3,n_inverse_half,10,0.039101888053051856,False
global_whole_skeleton,er_expected_degree_2,50,1.0,complete,0.0,n_inverse_half,10,0.010303063867500654,False
global_whole_skeleton,er_expected_degree_2,50,1.0,self_masking_gaussian_preserving,0.3,n_inverse_half,10,0.01187912103835456,False
global_whole_skeleton,er_expected_degree_2,50,1.0,self_masking_logistic_population,0.3,n_inverse_half,10,0.02093679893307617,False
global_whole_skeleton,random_regular_d2,20,1.0,complete,0.0,n_inverse_half,10,0.008575581658588405,False
global_whole_skeleton,random_regular_d2,20,1.0,self_masking_gaussian_preserving,0.3,n_inverse_half,10,0.005800402981533837,False
global_whole_skeleton,random_regular_d2,20,1.0,self_masking_logistic_population,0.3,n_inverse_half,10,0.007733870642045117,False
global_whole_skeleton,random_regular_d2,50,1.0,complete,0.0,n_inverse_half,10,0.00860369379271588,False
global_whole_skeleton,random_regular_d2,50,1.0,self_masking_gaussian_preserving,0.3,n_inverse_half,10,0.0022397595671269626,False
global_whole_skeleton,random_regular_d2,50,1.0,self_masking_logistic_population,0.3,n_inverse_half,10,0.003421289251620277,False
global_whole_skeleton,scale_free_m2,20,1.0,complete,0.0,n_inverse_half,10,0.038699091068514435,False
global_whole_skeleton,scale_free_m2,20,1.0,self_masking_gaussian_preserving,0.3,n_inverse_half,10,0.05110528194290832,True
global_whole_skeleton,scale_free_m2,20,1.0,self_masking_logistic_population,0.3,n_inverse_half,10,0.028352291127671972,False
global_whole_skeleton,scale_free_m2,50,1.0,complete,0.0,n_inverse_half,10,0.020428837058429024,False
global_whole_skeleton,scale_free_m2,50,1.0,self_masking_gaussian_preserving,0.3,n_inverse_half,10,0.014455354731726064,False
global_whole_skeleton,scale_free_m2,50,1.0,self_masking_logistic_population,0.3,n_inverse_half,10,0.023258259816562966,False
global_whole_skeleton,small_world_k2,20,1.0,complete,0.0,n_inverse_half,10,0.014114965032002673,False
global_whole_skeleton,small_world_k2,20,1.0,self_masking_gaussian_preserving,0.3,n_inverse_half,10,0.007733870642045116,False
global_whole_skeleton,small_world_k2,20,1.0,self_masking_logistic_population,0.3,n_inverse_half,10,0.007733870642045117,False
global_whole_skeleton,small_world_k2,50,1.0,complete,0.0,n_inverse_half,10,0.0036575120573186575,False
global_whole_skeleton,small_world_k2,50,1.0,self_masking_gaussian_preserving,0.3,n_inverse_half,10,0.0022397595671269626,False
global_whole_skeleton,small_world_k2,50,1.0,self_masking_logistic_population,0.3,n_inverse_half,10,0.0022397595671269626,False
target_restriction_of_global,er_expected_degree_2,20,1.0,complete,0.0,n_inverse_half,10,0.023974346129253872,False
target_restriction_of_global,er_expected_degree_2,20,1.0,self_masking_gaussian_preserving,0.3,n_inverse_half,10,0.041302289359480646,False
target_restriction_of_global,er_expected_degree_2,20,1.0,self_masking_logistic_population,0.3,n_inverse_half,10,0.043313184620889185,False
target_restriction_of_global,er_expected_degree_2,50,1.0,complete,0.0,n_inverse_half,10,0.013082531677890944,False
target_restriction_of_global,er_expected_degree_2,50,1.0,self_masking_gaussian_preserving,0.3,n_inverse_half,10,0.012890644526027782,False
target_restriction_of_global,er_expected_degree_2,50,1.0,self_masking_logistic_population,0.3,n_inverse_half,10,0.023885580852824037,False
target_restriction_of_global,random_regular_d2,20,1.0,complete,0.0,n_inverse_half,10,0.004524314325596389,False
target_restriction_of_global,random_regular_d2,20,1.0,self_masking_gaussian_preserving,0.3,n_inverse_half,10,0.007540523875994038,False
target_restriction_of_global,random_regular_d2,20,1.0,self_masking_logistic_population,0.3,n_inverse_half,10,0.007540523875994038,False
target_restriction_of_global,random_regular_d2,50,1.0,complete,0.0,n_inverse_half,10,0.009656582238663673,False
target_restriction_of_global,random_regular_d2,50,1.0,self_masking_gaussian_preserving,0.3,n_inverse_half,10,0.0,False
target_restriction_of_global,random_regular_d2,50,1.0,self_masking_logistic_population,0.3,n_inverse_half,10,0.004524314325596389,False
target_restriction_of_global,scale_free_m2,20,1.0,complete,0.0,n_inverse_half,10,0.04347189944703934,False
target_restriction_of_global,scale_free_m2,20,1.0,self_masking_gaussian_preserving,0.3,n_inverse_half,10,0.061428328316104154,True
target_restriction_of_global,scale_free_m2,20,1.0,self_masking_logistic_population,0.3,n_inverse_half,10,0.04018498703780755,False
target_restriction_of_global,scale_free_m2,50,1.0,complete,0.0,n_inverse_half,10,0.02459037975149199,False
target_restriction_of_global,scale_free_m2,50,1.0,self_masking_gaussian_preserving,0.3,n_inverse_half,10,0.025838085618752567,False
target_restriction_of_global,scale_free_m2,50,1.0,self_masking_logistic_population,0.3,n_inverse_half,10,0.023603126723459777,False
target_restriction_of_global,small_world_k2,20,1.0,complete,0.0,n_inverse_half,10,0.016958568095363023,False
target_restriction_of_global,small_world_k2,20,1.0,self_masking_gaussian_preserving,0.3,n_inverse_half,10,0.011210657236892936,False
target_restriction_of_global,small_world_k2,20,1.0,self_masking_logistic_population,0.3,n_inverse_half,10,0.011210657236892938,False
target_restriction_of_global,small_world_k2,50,1.0,complete,0.0,n_inverse_half,10,0.004524314325596389,False
target_restriction_of_global,small_world_k2,50,1.0,self_masking_gaussian_preserving,0.3,n_inverse_half,10,0.0,False
target_restriction_of_global,small_world_k2,50,1.0,self_masking_logistic_population,0.3,n_inverse_half,10,0.0,False
