evaluation_scope,topology,p,gamma,missingness_mode,missing_rate_target,alpha_schedule,n_graph_cells,n_graph_seeds,precision_mean,precision_lo95,precision_hi95,precision_halfwidth95,recall_mean,recall_lo95,recall_hi95,recall_halfwidth95,f1_mean,f1_lo95,f1_hi95,f1_halfwidth95,exact_recovery_mean,exact_recovery_lo95,exact_recovery_hi95,exact_recovery_halfwidth95,fp_mean,fp_lo95,fp_hi95,fp_halfwidth95,fn_mean,fn_lo95,fn_hi95,fn_halfwidth95,trace_ci_tests_mean,trace_ci_tests_lo95,trace_ci_tests_hi95,trace_ci_tests_halfwidth95,trace_ci_n_eff_min_mean,trace_ci_n_eff_min_lo95,trace_ci_n_eff_min_hi95,trace_ci_n_eff_min_halfwidth95,trace_ci_n_eff_median_mean,trace_ci_n_eff_median_lo95,trace_ci_n_eff_median_hi95,trace_ci_n_eff_median_halfwidth95,trace_ci_effective_fraction_mean_mean,trace_ci_effective_fraction_mean_lo95,trace_ci_effective_fraction_mean_hi95,trace_ci_effective_fraction_mean_halfwidth95,runtime_seconds_mean,runtime_seconds_lo95,runtime_seconds_hi95,runtime_seconds_halfwidth95,oracle_separator_coverage_fraction_mean,oracle_separator_coverage_fraction_lo95,oracle_separator_coverage_fraction_hi95,oracle_separator_coverage_fraction_halfwidth95,oracle_pc_dependent_partial_corr_q05_mean,oracle_pc_dependent_partial_corr_q05_lo95,oracle_pc_dependent_partial_corr_q05_hi95,oracle_pc_dependent_partial_corr_q05_halfwidth95
dedicated_local,er_expected_degree_2,20,1.0,complete,0.0,n_inverse_half,10,10,0.9199999999999999,0.888181530648256,0.9518184693517439,0.03181846935174393,0.9673333333333332,0.9392584508056743,0.995408215860992,0.028074882527658884,0.9329242424242423,0.9056245501041984,0.9602239347442862,0.027299692320043922,0.7,0.5693942953109216,0.8306057046890784,0.1306057046890784,0.22000000000000003,0.12581888697508412,0.3141811130249159,0.0941811130249159,0.14,0.022213251682702703,0.2577867483172973,0.1177867483172973,76.77,49.96206318083861,103.57793681916138,26.807936819161384,1000.0,1000.0,1000.0,0.0,1000.0,1000.0,1000.0,0.0,1.0,1.0,1.0,0.0,0.48146761416999195,0.2722784543913254,0.6906567739486584,0.2091891597786665,1.0,1.0,1.0,0.0,0.0838303956713607,0.0650999070431568,0.10256088429956461,0.01873048862820391
dedicated_local,er_expected_degree_2,20,1.0,self_masking_gaussian_preserving,0.3,n_inverse_half,10,10,0.96,0.92392437408438,0.9960756259156199,0.03607562591561997,0.9403333333333332,0.8939906261996695,0.986676040466997,0.04634270713366373,0.9413210678210678,0.9009887641270448,0.9816533715150909,0.040332303694023075,0.76,0.6084373458563355,0.9115626541436646,0.15156265414366454,0.1,-0.00663911132828876,0.20663911132828877,0.10663911132828877,0.22999999999999998,0.04824365296227695,0.411756347037723,0.18175634703772303,61.54,44.329088335355905,78.7509116646441,17.210911664644094,287.9599999999999,273.6497543897221,302.27024561027775,14.310245610277832,404.01500000000004,381.21476962789416,426.81523037210593,22.800230372105887,0.4052764861471105,0.39177168256236494,0.418781289731856,0.01350480358474554,0.3371752094100747,0.22096817795768153,0.4533822408624679,0.1162070314523932,1.0,1.0,1.0,0.0,0.0838303956713607,0.0650999070431568,0.10256088429956461,0.01873048862820391
dedicated_local,er_expected_degree_2,20,1.0,self_masking_logistic_population,0.3,n_inverse_half,10,10,0.96,0.932928690797093,0.987071309202907,0.027071309202907012,0.9428333333333333,0.9020012050730617,0.9836654615936049,0.040832128260271605,0.9432178932178932,0.9085748443843936,0.9778609420513927,0.03464304883349956,0.75,0.6020442376083047,0.8979557623916953,0.14795576239169528,0.1,0.02459476124005984,0.17540523875994019,0.07540523875994018,0.22999999999999998,0.06462340051853274,0.3953765994814672,0.1653765994814672,60.77999999999999,43.76500211066947,77.7949978893305,17.014997889330516,283.07,265.3014134743084,300.8385865256916,17.768586525691603,406.38499999999993,380.81995470971924,431.9500452902806,25.565045290280693,0.40553027636434,0.38959986179555606,0.421460690933124,0.015930414568783968,0.3511001324399694,0.21836927120982,0.48383099367011884,0.13273086123014943,1.0,1.0,1.0,0.0,0.08383039567136069,0.06509990704315678,0.1025608842995646,0.01873048862820391
dedicated_local,er_expected_degree_2,50,1.0,complete,0.0,n_inverse_half,10,10,0.9330714285714284,0.8974706512503026,0.9686722058925543,0.035600777321125876,0.9841547619047619,0.9728170456483567,0.9954924781611671,0.011337716256405228,0.9492587967587968,0.9231754374128641,0.9753421561047294,0.026083359345932644,0.7500000000000001,0.6227013056136703,0.8772986943863299,0.1272986943863298,0.20000000000000004,0.11077931828650373,0.28922068171349635,0.08922068171349631,0.07999999999999999,0.02357188627848343,0.13642811372151653,0.05642811372151655,182.59,124.65970803919501,240.520291960805,57.93029196080499,2500.0,2500.0,2500.0,0.0,2500.0,2500.0,2500.0,0.0,1.0,1.0,1.0,0.0,1.0949270775700006,0.6481020860693175,1.5417520690706836,0.44682499150068306,1.0,1.0,1.0,0.0,,,,
dedicated_local,er_expected_degree_2,50,1.0,self_masking_gaussian_preserving,0.3,n_inverse_half,10,10,0.9625,0.9414235950341465,0.9835764049658535,0.0210764049658535,0.9721309523809525,0.9545982231853655,0.9896636815765395,0.017532729195587016,0.9597661227661227,0.9446569141738437,0.9748753313584018,0.015109208592279044,0.79,0.7188628400280501,0.86113715997195,0.07113715997194991,0.09,0.037216332868041886,0.14278366713195811,0.05278366713195812,0.13999999999999999,0.05603227977234321,0.22396772022765676,0.08396772022765678,145.89999999999998,116.50878286581134,175.29121713418863,29.391217134188643,691.61,671.4080246009406,711.8119753990594,20.201975399059393,1045.1750000000002,1011.3342442740818,1079.0157557259186,33.84075572591837,0.41514059153826743,0.40821119953857915,0.4220699835379557,0.0069293919996882836,0.8040760710699898,0.577030581405827,1.0311215607341526,0.22704548966416283,1.0,1.0,1.0,0.0,,,,
dedicated_local,er_expected_degree_2,50,1.0,self_masking_logistic_population,0.3,n_inverse_half,10,10,0.9427380952380953,0.9174640986167073,0.9680120918594832,0.025273996621387962,0.9545357142857144,0.9272445914995733,0.9818268370718555,0.027291122786141098,0.9381542901542902,0.9135030929205339,0.9628054873880465,0.024651197233756306,0.7100000000000001,0.6119731896120779,0.8080268103879222,0.09802681038792216,0.14,0.07967580899204789,0.20032419100795212,0.06032419100795212,0.2,0.07841270590907407,0.32158729409092596,0.12158729409092595,143.94,110.84819468665438,177.03180531334561,33.09180531334562,673.3100000000001,644.3464276776477,702.2735723223524,28.96357232235232,1048.315,1012.1891888083601,1084.44081119164,36.12581119163997,0.4142837257568285,0.40478718729981983,0.42378026421383713,0.009496538457008652,0.8217026131300145,0.568612766829272,1.074792459430757,0.2530898463007425,1.0,1.0,1.0,0.0,,,,
dedicated_local,random_regular_d2,20,1.0,complete,0.0,n_inverse_half,10,10,0.9866666666666667,0.969993941053741,1.0033393922795923,0.016672725612925654,1.0,1.0,1.0,0.0,0.992,0.9819963646322446,1.0020036353677555,0.010003635367755448,0.96,0.9099818231612229,1.010018176838777,0.05001817683877707,0.04,-0.010018176838777072,0.09001817683877708,0.05001817683877707,0.0,0.0,0.0,0.0,33.64,30.14861530083638,37.13138469916362,3.4913846991636195,1000.0,1000.0,1000.0,0.0,1000.0,1000.0,1000.0,0.0,1.0,1.0,1.0,0.0,0.15139945600999452,0.1276455405604075,0.17515337145958154,0.02375391544958702,1.0,1.0,1.0,0.0,0.15183201506606137,0.11944090281897626,0.18422312731314647,0.0323911122470851
dedicated_local,random_regular_d2,20,1.0,self_masking_gaussian_preserving,0.3,n_inverse_half,10,10,0.9966666666666667,0.9891261427906727,1.0042071905426608,0.007540523875994076,1.0,1.0,1.0,0.0,0.998,0.9934756856744036,1.0025243143255964,0.0045243143255964124,0.99,0.9673784283720179,1.012621571627982,0.022621571627982062,0.01,-0.012621571627982045,0.03262157162798204,0.022621571627982045,0.0,0.0,0.0,0.0,32.18000000000001,29.917139164416565,34.442860835583446,2.2628608355834405,325.59000000000003,316.7781339905467,334.4018660094534,8.811866009453354,454.88500000000005,443.17740417177924,466.59259582822085,11.707595828220803,0.4361480245437705,0.4281059648947364,0.4441900841928046,0.008042059649034095,0.1591224979200842,0.1342403154978879,0.1840046803422805,0.02488218242219631,1.0,1.0,1.0,0.0,0.1518320150660614,0.11944090281897629,0.1842231273131465,0.0323911122470851
dedicated_local,random_regular_d2,20,1.0,self_masking_logistic_population,0.3,n_inverse_half,10,10,0.9849999999999998,0.9707260186763035,0.999273981323696,0.014273981323696283,0.9949999999999999,0.9836892141860089,1.006310785813991,0.011310785813991087,0.9890000000000001,0.9771012540237283,1.000898745976272,0.01189874597627183,0.96,0.9230591282210819,0.996940871778918,0.03694087177891803,0.04,0.003059128221082015,0.07694087177891798,0.036940871778917986,0.01,-0.012621571627982045,0.03262157162798204,0.022621571627982045,31.360000000000003,28.794182316382464,33.92581768361754,2.565817683617537,320.08000000000004,314.26295621513157,325.8970437848685,5.817043784868474,457.68,445.9727908875964,469.38720911240364,11.707209112403632,0.4370817356365082,0.42891726332799845,0.44524620794501796,0.008164472308509751,0.1519423106199565,0.11671702549220549,0.18716759574770753,0.03522528512775102,1.0,1.0,1.0,0.0,0.15183201506606137,0.11944090281897626,0.18422312731314647,0.0323911122470851
dedicated_local,random_regular_d2,50,1.0,complete,0.0,n_inverse_half,10,10,0.97,0.9491212348109215,0.9908787651890785,0.020878765189078496,1.0,1.0,1.0,0.0,0.982,0.9694727408865529,0.9945272591134471,0.012527259113447098,0.9099999999999999,0.8473637044327645,0.9726362955672353,0.06263629556723538,0.09,0.027363704432764605,0.1526362955672354,0.0626362955672354,0.0,0.0,0.0,0.0,65.38,62.25167300976374,68.50832699023624,3.12832699023625,2500.0,2500.0,2500.0,0.0,2500.0,2500.0,2500.0,0.0,1.0,1.0,1.0,0.0,0.26722010191002477,0.22469226165592313,0.3097479421641264,0.042527840254101626,1.0,1.0,1.0,0.0,,,,
dedicated_local,random_regular_d2,50,1.0,self_masking_gaussian_preserving,0.3,n_inverse_half,10,10,0.9933333333333334,0.9832793014986747,1.003387365167992,0.010054031834658694,1.0,1.0,1.0,0.0,0.9960000000000001,0.9899675808992049,1.0020324191007952,0.006032419100795161,0.9800000000000001,0.949837904496024,1.010162095503976,0.030162095503976027,0.02,-0.010162095503976062,0.05016209550397606,0.030162095503976062,0.0,0.0,0.0,0.0,64.71000000000001,61.4884308583054,67.93156914169462,3.221569141694612,827.36,811.8517911443552,842.8682088556449,15.508208855644853,1218.19,1206.2178681867706,1230.1621318132295,11.972131813229453,0.4587819596457886,0.45262525723556934,0.46493866205600787,0.006156702410219261,0.28138079614002437,0.22623308897525654,0.3365285033047922,0.05514770716476784,1.0,1.0,1.0,0.0,,,,
dedicated_local,random_regular_d2,50,1.0,self_masking_logistic_population,0.3,n_inverse_half,10,10,0.9966666666666667,0.9891261427906727,1.0042071905426608,0.007540523875994076,1.0,1.0,1.0,0.0,0.998,0.9934756856744036,1.0025243143255964,0.0045243143255964124,0.99,0.9673784283720179,1.012621571627982,0.022621571627982062,0.01,-0.012621571627982045,0.03262157162798204,0.022621571627982045,0.0,0.0,0.0,0.0,64.97999999999999,62.09250113600472,67.86749886399525,2.8874988639952655,800.3199999999999,787.6003721762327,813.0396278237672,12.719627823767269,1211.5549999999998,1202.449626957151,1220.6603730428487,9.105373042848896,0.45590910276648045,0.4509259159019647,0.4608922896309962,0.004983186864515765,0.2761508423099667,0.23982889126679408,0.3124727933531394,0.03632195104317265,1.0,1.0,1.0,0.0,,,,
dedicated_local,scale_free_m2,20,1.0,complete,0.0,n_inverse_half,10,10,0.8858809523809523,0.8330809798884147,0.93868092487349,0.05279997249253765,0.7937296037296038,0.738244850088646,0.8492143573705615,0.05548475364095773,0.818164552767494,0.7649213027300059,0.8714078028049821,0.05324325003748809,0.37,0.2391768002315523,0.5008231997684477,0.1308231997684477,0.38,0.19591235187182235,0.5640876481281777,0.18408764812817768,0.9500000000000002,0.7676190588636113,1.1323809411363892,0.18238094113638897,133.85999999999999,102.0896833609218,165.6303166390782,31.770316639078196,1000.0,1000.0,1000.0,0.0,1000.0,1000.0,1000.0,0.0,1.0,1.0,1.0,0.0,0.7989233434099697,0.5436050780203642,1.0542416087995754,0.2553182653896056,,,,,,,,
dedicated_local,scale_free_m2,20,1.0,self_masking_gaussian_preserving,0.3,n_inverse_half,10,10,0.9208333333333334,0.8732050103693626,0.9684616562973042,0.04762832296397079,0.6552470862470863,0.599164668213385,0.7113295042807876,0.05608241803370129,0.7404050116550117,0.6893538954953765,0.7914561278146469,0.0510511161596352,0.27,0.19421867292816775,0.3457813270718323,0.07578132707183227,0.12,0.03878607239127911,0.20121392760872087,0.08121392760872087,1.48,1.2868683552267266,1.6731316447732734,0.19313164477327338,72.04,56.32578705162108,87.75421294837894,15.714212948378929,280.1,266.53443198350953,293.6655680164905,13.565568016490488,407.54,385.0042780162627,430.07572198373737,22.535721983737346,0.40232093527952395,0.3874505626205499,0.417191307938498,0.014870372658974063,0.4038926682600185,0.30564128896035114,0.5021440475596859,0.09825137929966737,,,,,,,,
dedicated_local,scale_free_m2,20,1.0,self_masking_logistic_population,0.3,n_inverse_half,10,10,0.9105000000000001,0.8615799735717716,0.9594200264282285,0.04892002642822846,0.6849020979020979,0.6258648550184417,0.7439393407857541,0.059037242883656194,0.7556434676434677,0.7032086291926288,0.8080783060943065,0.05243483845083885,0.30999999999999994,0.186326213014749,0.4336737869852509,0.12367378698525094,0.16000000000000003,0.06951371348807185,0.2504862865119282,0.0904862865119282,1.44,1.248642956207678,1.631357043792322,0.191357043792322,72.86,57.81828212108127,87.90171787891873,15.041717878918732,275.90999999999997,259.87580868230435,291.9441913176956,16.034191317695615,401.815,379.4325323813839,424.1974676186161,22.38246761861609,0.3991254414091837,0.3842362651298199,0.4140146176885475,0.014889176279363814,0.43147184088996254,0.3286663474644185,0.5342773343155066,0.10280549342554407,,,,,,,,
dedicated_local,scale_free_m2,50,1.0,complete,0.0,n_inverse_half,10,10,0.8517633477633477,0.8154018716970568,0.8881248238296386,0.03636147606629092,0.8097783060592658,0.7738244590348127,0.845732153083719,0.035953847024453145,0.810602724743959,0.7793555730510113,0.8418498764369067,0.031247151692947672,0.32,0.21443266573608377,0.42556733426391624,0.10556733426391623,0.62,0.4126698713518137,0.8273301286481862,0.20733012864818626,1.4,1.2347953991084715,1.5652046008915284,0.16520460089152844,604.16,468.49897918521594,739.821020814784,135.66102081478402,2500.0,2500.0,2500.0,0.0,2500.0,2500.0,2500.0,0.0,1.0,1.0,1.0,0.0,4.082876613389981,3.0621829514342283,5.103570275345734,1.020693661955753,,,,,,,,
dedicated_local,scale_free_m2,50,1.0,self_masking_gaussian_preserving,0.3,n_inverse_half,10,10,0.9501666666666667,0.915399981222725,0.9849333521106084,0.03476668544394168,0.7319665339820138,0.7013073257141519,0.7626257422498758,0.030659208267861948,0.7997731250696926,0.7795112187705121,0.820035031368873,0.020261906299180454,0.37000000000000005,0.2942186729281678,0.4457813270718323,0.07578132707183227,0.16999999999999998,0.048179108586918665,0.2918208914130813,0.12182089141308133,1.9600000000000002,1.8011113026548162,2.1188886973451844,0.15888869734518407,209.39000000000001,177.67538755203512,241.1046124479649,31.714612447964896,676.42,655.2872920343791,697.5527079656208,21.132707965620853,1062.9550000000002,1031.4813670823721,1094.4286329176282,31.473632917628038,0.4104819662792769,0.40350695856827845,0.41745697399027537,0.00697500771099846,1.2448861941900262,1.0304776885308697,1.4592946998491827,0.21440850565915648,,,,,,,,
dedicated_local,scale_free_m2,50,1.0,self_masking_logistic_population,0.3,n_inverse_half,10,10,0.9376666666666666,0.9119771889160593,0.963356144417274,0.02568947775060737,0.7175538294265074,0.6846201870901314,0.7504874717628833,0.03293364233637597,0.7825939142220607,0.7537822284093365,0.8114056000347849,0.028811685812724197,0.3,0.22459476124005984,0.37540523875994014,0.07540523875994015,0.17,0.11110662584135136,0.22889337415864866,0.05889337415864865,1.9599999999999997,1.797572144782558,2.1224278552174414,0.16242785521744174,223.56,195.9958173831824,251.1241826168176,27.56418261681759,641.8900000000001,626.771204498382,657.0087955016182,15.118795501618138,1052.3400000000001,1025.7826977552345,1078.8973022447658,26.55730224476565,0.4065399270534207,0.4004353804205595,0.4126444736862819,0.006104546632861196,1.3292106782800963,1.1138834373715332,1.5445379191886595,0.21532724090856314,,,,,,,,
dedicated_local,small_world_k2,20,1.0,complete,0.0,n_inverse_half,10,10,0.9583333333333333,0.9218008980591872,0.9948657686074793,0.03653243527414607,0.9974999999999999,0.9918446070930044,1.0031553929069954,0.0056553929069955156,0.9725714285714286,0.9496586595620782,0.9954841975807791,0.022912769009350464,0.8800000000000001,0.7744326657360839,0.9855673342639163,0.10556733426391618,0.11000000000000001,0.006334935675906872,0.21366506432409316,0.10366506432409314,0.01,-0.012621571627982045,0.03262157162798204,0.022621571627982045,38.52,32.12540456202897,44.91459543797104,6.394595437971034,1000.0,1000.0,1000.0,0.0,1000.0,1000.0,1000.0,0.0,1.0,1.0,1.0,0.0,0.18769181246994318,0.14283946894757465,0.2325441559923117,0.044852343522368526,1.0,1.0,1.0,0.0,0.12692557804087073,0.10105049131080586,0.1528006647709356,0.025875086730064868
dedicated_local,small_world_k2,20,1.0,self_masking_gaussian_preserving,0.3,n_inverse_half,10,10,0.9866666666666667,0.9709698144958474,1.002363518837486,0.015696852170819287,0.9941666666666666,0.9852578852758408,1.0030754480574926,0.008908781390825904,0.9879047619047618,0.9754783607105013,1.0003311630990224,0.012426401194260528,0.95,0.8994166280819516,1.0005833719180484,0.0505833719180484,0.030000000000000006,-0.004555021441364382,0.0645550214413644,0.03455502144136439,0.02,-0.010162095503976062,0.05016209550397606,0.030162095503976062,35.17,29.817709806731557,40.52229019326845,5.352290193268445,321.07000000000005,312.68752481838266,329.45247518161744,8.382475181617394,447.6549999999999,428.11171750227976,467.1982824977201,19.543282497720156,0.4324241935910468,0.4204954661304371,0.44435292105165647,0.01192872746060969,0.18139323174008948,0.15538881024530335,0.2073976532348756,0.02600442149478613,1.0,1.0,1.0,0.0,0.12692557804087073,0.10105049131080587,0.1528006647709356,0.02587508673006486
dedicated_local,small_world_k2,20,1.0,self_masking_logistic_population,0.3,n_inverse_half,10,10,0.9883333333333333,0.9745090395606776,1.002157627105989,0.01382429377265576,0.9941666666666666,0.9852578852758408,1.0030754480574926,0.008908781390825904,0.9892380952380952,0.9777790100298217,1.0006971804463687,0.01145908520827349,0.95,0.8994166280819516,1.0005833719180484,0.0505833719180484,0.030000000000000006,-0.004555021441364382,0.0645550214413644,0.03455502144136439,0.02,-0.010162095503976062,0.05016209550397606,0.030162095503976062,34.35,29.692757329571403,39.0072426704286,4.6572426704286,313.23,303.84157536791,322.61842463209,9.388424632089993,448.89,434.1275125407675,463.6524874592325,14.762487459232489,0.433133567506874,0.4258136704022244,0.44045346461152357,0.007319897104649586,0.16008396612004158,0.12580867021882336,0.1943592620212598,0.03427529590121822,1.0,1.0,1.0,0.0,0.12692557804087073,0.10105049131080586,0.1528006647709356,0.025875086730064868
dedicated_local,small_world_k2,50,1.0,complete,0.0,n_inverse_half,10,10,0.9466666666666667,0.9198297455049005,0.9735035878284328,0.02683692116176617,1.0,1.0,1.0,0.0,0.9666666666666668,0.9496935074151561,0.9836398259181774,0.01697315925151066,0.86,0.7908899571172712,0.9291100428827288,0.06911004288272882,0.15,0.07273262309314647,0.2272673769068535,0.07726737690685351,0.0,0.0,0.0,0.0,69.17999999999999,64.66779184454299,73.692208155457,4.512208155457003,2500.0,2500.0,2500.0,0.0,2500.0,2500.0,2500.0,0.0,1.0,1.0,1.0,0.0,0.2916706413299835,0.2462421396897569,0.3370991429702101,0.045428501640226604,1.0,1.0,1.0,0.0,,,,
dedicated_local,small_world_k2,50,1.0,self_masking_gaussian_preserving,0.3,n_inverse_half,10,10,0.9799999999999999,0.9643031478291805,0.9956968521708193,0.015696852170819398,1.0,1.0,1.0,0.0,0.9873333333333333,0.9771668228137249,0.9974998438529417,0.010166510519608374,0.95,0.9122973806200299,0.9877026193799701,0.037702619379970104,0.05,0.01229738062002992,0.08770261937997009,0.03770261937997009,0.0,0.0,0.0,0.0,68.36999999999999,65.18828312113367,71.55171687886632,3.1817168788663253,808.53,794.7341360438903,822.3258639561096,13.795863956109656,1203.175,1188.5949505500726,1217.7550494499274,14.580049449927401,0.4530644836846916,0.4493106075599071,0.4568183598094761,0.0037538761247845054,0.3023061284600089,0.2761299656932483,0.32848229122676953,0.026176162766760602,1.0,1.0,1.0,0.0,,,,
dedicated_local,small_world_k2,50,1.0,self_masking_logistic_population,0.3,n_inverse_half,10,10,0.9783333333333333,0.958029851431153,0.9986368152355135,0.02030348190218023,1.0,1.0,1.0,0.0,0.986,0.972997606080751,0.9990023939192489,0.013002393919248956,0.95,0.8994166280819516,1.0005833719180484,0.0505833719180484,0.05,-0.000583371918048449,0.10058337191804845,0.050583371918048445,0.0,0.0,0.0,0.0,68.07000000000001,63.838690944676976,72.30130905532303,4.2313090553230275,798.45,779.0196559749525,817.8803440250476,19.43034402504759,1202.775,1183.8030865088515,1221.7469134911487,18.971913491148598,0.45333439847466134,0.44658012899104926,0.4600886679582734,0.006754269483612074,0.29958371314994564,0.2484499914500779,0.3507174348498134,0.05113372169986774,1.0,1.0,1.0,0.0,,,,
global_whole_skeleton,er_expected_degree_2,20,1.0,complete,0.0,n_inverse_half,10,10,0.9657474076266983,0.9414536967330679,0.9900411185203287,0.024293710893630416,0.9415766441796191,0.8915473313532358,0.9916059570060023,0.05002931282638323,0.9521149069730838,0.9220264724630666,0.982203341483101,0.030088434510017192,0.2,-0.10162095503976065,0.5016209550397607,0.30162095503976066,0.7,0.21717088806681617,1.1828291119331837,0.4828291119331838,1.4,0.22213251682702695,2.577867483172973,1.1778674831729732,943.8,584.8888380347848,1302.711161965215,358.9111619652151,1000.0,1000.0,1000.0,0.0,1000.0,1000.0,1000.0,0.0,1.0,1.0,1.0,0.0,5.547754027300061,2.939863198921776,8.155644855678347,2.6078908283782853,1.0,1.0,1.0,0.0,0.0838303956713607,0.0650999070431568,0.10256088429956461,0.01873048862820391
global_whole_skeleton,er_expected_degree_2,20,1.0,self_masking_gaussian_preserving,0.3,n_inverse_half,10,10,0.9880701754385965,0.9699237822840403,1.0062165685931528,0.01814639315455624,0.9116140462321812,0.8502298804061943,0.9729982120581682,0.061384165825986936,0.9466029784693758,0.9089612395288355,0.9842447174099161,0.03764173894054035,0.2,-0.10162095503976065,0.5016209550397607,0.30162095503976066,0.2,-0.10162095503976065,0.5016209550397607,0.30162095503976066,2.1,0.651512664200449,3.5484873357995514,1.4484873357995514,739.3,520.662760526241,957.937239473759,218.637239473759,176.7,157.93924327330342,195.46075672669656,18.76075672669657,353.3,347.48792385263687,359.11207614736315,5.812076147363143,0.3718607318620603,0.3574150239316384,0.38630643979248225,0.014445707930421936,4.157858651900097,2.603697531779103,5.71201977202109,1.5541611201209937,1.0,1.0,1.0,0.0,0.0838303956713607,0.0650999070431568,0.10256088429956461,0.01873048862820391
global_whole_skeleton,er_expected_degree_2,20,1.0,self_masking_logistic_population,0.3,n_inverse_half,10,10,0.9889880952380953,0.9721925143687336,1.005783676107457,0.016795580869361726,0.9060094913667568,0.8422934179516124,0.9697255647819012,0.0637160734151444,0.9438354245437978,0.904733536490746,0.9829373125968496,0.039101888053051814,0.3,-0.04555021441364382,0.6455502144136438,0.3455502144136438,0.2,-0.10162095503976065,0.5016209550397607,0.30162095503976066,2.3,0.6122023325486448,3.987797667451355,1.6877976674513553,746.0,515.2042846629614,976.7957153370386,230.7957153370386,176.1,152.83543686981696,199.36456313018303,23.264563130183035,354.3,333.84293255772275,374.7570674422773,20.457067442277264,0.36839801894477764,0.3531403255113876,0.3836557123781677,0.015257693433390063,4.472063878800009,2.876603901990593,6.067523855609425,1.5954599768094158,1.0,1.0,1.0,0.0,0.08383039567136069,0.06509990704315678,0.1025608842995646,0.01873048862820391
global_whole_skeleton,er_expected_degree_2,50,1.0,complete,0.0,n_inverse_half,10,10,0.9703150992520477,0.9519826402481095,0.9886475582559859,0.018332459003938206,0.9724059205677211,0.9594658797150106,0.9853459614204316,0.0129400408527105,0.9710893683207086,0.9607863044532079,0.9813924321882093,0.010303063867500684,0.0,0.0,0.0,0.0,1.6,0.6951371348807182,2.504862865119282,0.904862865119282,1.6,0.8310144322718842,2.368985567728116,0.7689855677281159,4703.9,3488.8485442013216,5918.951455798678,1215.051455798678,2500.0,2500.0,2500.0,0.0,2500.0,2500.0,2500.0,0.0,1.0,1.0,1.0,0.0,27.034799610900244,18.541336105111274,35.52826311668922,8.493463505788972,1.0,1.0,1.0,0.0,,,,
global_whole_skeleton,er_expected_degree_2,50,1.0,self_masking_gaussian_preserving,0.3,n_inverse_half,10,10,0.9920357504835146,0.9845625960656661,0.999508904901363,0.00747315441784846,0.9504349927886038,0.9263693817815601,0.9745006037956474,0.02406561100704363,0.970424563946669,0.9585454429083144,0.9823036849850235,0.011879121038354534,0.0,0.0,0.0,0.0,0.4,0.03059128221082008,0.76940871778918,0.36940871778917994,2.9,1.3381829287915001,4.4618170712084995,1.5618170712084996,3810.9,3013.2134686606214,4608.586531339379,797.6865313393787,395.8,386.8728349598134,404.7271650401866,8.927165040186594,878.1,870.3186323891304,885.8813676108697,7.781367610869665,0.37893064218901606,0.3668870029537167,0.39097428142431545,0.012043639235299386,20.78320326199996,15.305946125236954,26.26046039876297,5.477257136763008,1.0,1.0,1.0,0.0,,,,
global_whole_skeleton,er_expected_degree_2,50,1.0,self_masking_logistic_population,0.3,n_inverse_half,10,10,0.9924170833473159,0.9852982005664969,0.999535966128135,0.007118882780819069,0.9386426977787989,0.9025536365949575,0.9747317589626404,0.036089061183841475,0.9641981171263454,0.9432613181932692,0.9851349160594216,0.020936798933076206,0.1,-0.12621571627982048,0.3262157162798205,0.22621571627982048,0.4,0.030591282210820137,0.76940871778918,0.36940871778917994,3.6,1.3328213944796947,5.867178605520305,2.2671786055203054,3787.4,3019.2278280842256,4555.572171915775,768.1721719157745,375.8,359.07158953167567,392.52841046832435,16.72841046832434,879.95,859.7247672764548,900.1752327235453,20.22523272354522,0.3767757315867486,0.3632471711408086,0.39030429203268857,0.013528560445939974,21.129860798000163,15.548372981308487,26.711348614691836,5.581487816691674,1.0,1.0,1.0,0.0,,,,
global_whole_skeleton,random_regular_d2,20,1.0,complete,0.0,n_inverse_half,10,10,0.9904761904761905,0.9761132878552495,1.0048390930971314,0.01436290262094092,0.9949999999999999,0.9836892141860089,1.006310785813991,0.011310785813991087,0.9925578486554096,0.9839822669968212,1.001133430313998,0.008575581658588405,0.7,0.3544497855863562,1.0455502144136437,0.34555021441364375,0.2,-0.10162095503976065,0.5016209550397607,0.30162095503976066,0.1,-0.12621571627982048,0.3262157162798205,0.22621571627982048,381.8,342.48674277017125,421.1132572298288,39.313257229828764,1000.0,1000.0,1000.0,0.0,1000.0,1000.0,1000.0,0.0,1.0,1.0,1.0,0.0,1.8411663032001342,1.565170029135099,2.1171625772651694,0.27599627406503524,1.0,1.0,1.0,0.0,0.15183201506606137,0.11944090281897628,0.18422312731314644,0.03239111224708508
global_whole_skeleton,random_regular_d2,20,1.0,self_masking_gaussian_preserving,0.3,n_inverse_half,10,10,1.0,1.0,1.0,0.0,0.9949999999999999,0.9836892141860089,1.006310785813991,0.011310785813991087,0.9974358974358974,0.9916354944543636,1.0032363004174314,0.005800402981533892,0.9,0.6737842837201795,1.1262157162798205,0.2262157162798205,0.0,0.0,0.0,0.0,0.1,-0.12621571627982048,0.3262157162798205,0.22621571627982048,363.2,340.6746490128314,385.72535098716855,22.525350987168565,265.7,238.69260552900565,292.7073944709943,27.007394470994328,437.35,401.9091166390501,472.7908833609499,35.4408833609499,0.42124499756750716,0.41520209236645766,0.42728790276855666,0.006042905201049498,1.9809065616000225,1.6851590605237585,2.2766540626762866,0.295747501076264,1.0,1.0,1.0,0.0,0.15183201506606137,0.11944090281897628,0.18422312731314644,0.03239111224708508
global_whole_skeleton,random_regular_d2,20,1.0,self_masking_logistic_population,0.3,n_inverse_half,10,10,1.0,1.0,1.0,0.0,0.9899999999999999,0.9749189522480118,1.005081047751988,0.015081047751988097,0.9948717948717949,0.9871379242297498,1.00260566551384,0.007733870642045115,0.8,0.4983790449602394,1.1016209550397607,0.3016209550397606,0.0,0.0,0.0,0.0,0.2,-0.10162095503976065,0.5016209550397607,0.30162095503976066,352.5,323.3439035603104,381.6560964396896,29.156096439689577,275.4,247.68777967787565,303.1122203221243,27.712220322124324,451.6,423.2719066670753,479.92809333292473,28.32809333292471,0.4228646569285547,0.4155269615762501,0.4302023522808593,0.007337695352304607,1.84468015249995,1.4617359744605807,2.2276243305393195,0.3829441780393694,1.0,1.0,1.0,0.0,0.15183201506606137,0.11944090281897626,0.18422312731314647,0.0323911122470851
global_whole_skeleton,random_regular_d2,50,1.0,complete,0.0,n_inverse_half,10,10,0.9809033014915368,0.9642845454012953,0.9975220575817784,0.01661875609024155,1.0,1.0,1.0,0.0,0.9902326658005167,0.9816289720078009,0.9988363595932326,0.00860369379271586,0.4,0.030591282210820137,0.76940871778918,0.36940871778917994,1.0,0.10779318286503692,1.892206817134963,0.8922068171349631,0.0,0.0,0.0,0.0,1810.0,1740.064740660327,1879.935259339673,69.93525933967294,2500.0,2500.0,2500.0,0.0,2500.0,2500.0,2500.0,0.0,1.0,1.0,1.0,0.0,7.529385342299929,6.767565729850187,8.291204954749672,0.7618196124497425,1.0,1.0,1.0,0.0,,,,
global_whole_skeleton,random_regular_d2,50,1.0,self_masking_gaussian_preserving,0.3,n_inverse_half,10,10,0.9980392156862745,0.993603613406278,1.002474817966271,0.004435602279996509,1.0,1.0,1.0,0.0,0.9990099009900989,0.9967701414229719,1.0012496605572259,0.0022397595671269643,0.9,0.6737842837201795,1.1262157162798205,0.2262157162798205,0.1,-0.12621571627982048,0.3262157162798205,0.22621571627982048,0.0,0.0,0.0,0.0,1771.8,1715.023510432632,1828.5764895673678,56.77648956736789,660.3,584.4196591546684,736.1803408453316,75.8803408453316,1214.35,1211.4784065338993,1217.2215934661006,2.8715934661006486,0.4465248051489773,0.44359885236888363,0.44945075792907097,0.0029259527800936658,7.805623046900291,6.961032146656275,8.650213947144309,0.8445909002440168,1.0,1.0,1.0,0.0,,,,
global_whole_skeleton,random_regular_d2,50,1.0,self_masking_logistic_population,0.3,n_inverse_half,10,10,0.9941176470588236,0.9873421526585561,1.0008931414590911,0.006775494400267534,1.0,1.0,1.0,0.0,0.9970297029702969,0.9936084137186766,1.0004509922219171,0.003421289251620274,0.7,0.3544497855863562,1.0455502144136437,0.34555021441364375,0.3,-0.045550214413643764,0.6455502144136438,0.34555021441364375,0.0,0.0,0.0,0.0,1779.0,1724.3991087892257,1833.6008912107743,54.60089121077431,642.3,567.5977611728305,717.0022388271694,74.70223882716948,1207.4,1202.0872741496432,1212.712725850357,5.3127258503568555,0.44338740462140347,0.4396451666891881,0.4471296425536188,0.003742237932215342,7.912912628999948,6.883584620791746,8.94224063720815,1.0293280082082017,1.0,1.0,1.0,0.0,,,,
global_whole_skeleton,scale_free_m2,20,1.0,complete,0.0,n_inverse_half,10,10,0.9211178516642103,0.8804263716751131,0.9618093316533076,0.04069147998909728,0.7189189189189189,0.6731663942798515,0.7646714435579863,0.04575252463906743,0.8065207941483307,0.7678217030798162,0.8452198852168451,0.038699091068514435,0.0,0.0,0.0,0.0,2.3,1.1293959004774912,3.4706040995225083,1.1706040995225084,10.4,8.707156588354504,12.092843411645497,1.6928434116454962,2102.1,1706.951877476959,2497.248122523041,395.1481225230409,1000.0,1000.0,1000.0,0.0,1000.0,1000.0,1000.0,0.0,1.0,1.0,1.0,0.0,13.444468297099956,10.314181773557616,16.574754820642294,3.130286523542339,,,,,,,,
global_whole_skeleton,scale_free_m2,20,1.0,self_masking_gaussian_preserving,0.3,n_inverse_half,10,10,0.9615396419437341,0.9253684824531546,0.9977108014343136,0.036171159490579474,0.5432432432432432,0.4867283430124178,0.5997581434740688,0.05651490023082548,0.6915793671634964,0.6404740852205881,0.7426846491064047,0.05110528194290831,0.0,0.0,0.0,0.0,0.8,0.06118256442164027,1.53881743557836,0.7388174355783599,16.9,14.808948691459456,18.99105130854054,2.0910513085405427,1050.3,850.8192781419638,1249.780721858036,199.48072185803613,162.4,153.1144334425963,171.68556655740372,9.285566557403712,343.7,338.45350744715483,348.94649255284514,5.2464925528451545,0.34531797896567007,0.3343869409071345,0.35624901702420564,0.01093103805853557,6.503563759499912,4.9816423382320165,8.025485180767808,1.5219214212678955,,,,,,,,
global_whole_skeleton,scale_free_m2,20,1.0,self_masking_logistic_population,0.3,n_inverse_half,10,10,0.9622693096377308,0.9321091829688615,0.9924294363066002,0.030160126668869358,0.5432432432432434,0.5137805164621114,0.5727059700243753,0.02946272678113193,0.6937242846769439,0.6653719935492719,0.7220765758046159,0.028352291127672014,0.0,0.0,0.0,0.0,0.8,0.14263236886372932,1.4573676311362709,0.6573676311362708,16.9,15.80987910909812,17.990120890901878,1.0901208909018791,1046.8,860.2355528462028,1233.364447153797,186.56444715379712,153.1,147.22564635496803,158.97435364503195,5.87435364503196,336.2,330.322259584064,342.077740415936,5.877740415935989,0.33928726660281755,0.32948935759129266,0.34908517561434244,0.009797909011524886,6.279946596800028,4.8334760716217495,7.726417121978306,1.4464705251782783,,,,,,,,
global_whole_skeleton,scale_free_m2,50,1.0,complete,0.0,n_inverse_half,10,10,0.939861572286864,0.9189239645698595,0.9607991800038684,0.02093760771700448,0.7484536082474227,0.7201674623104668,0.7767397541843786,0.028286145936955887,0.8326839912872781,0.8122551542288491,0.8531128283457071,0.020428837058429017,0.0,0.0,0.0,0.0,4.7,2.946118884430311,6.45388111556969,1.7538811155696894,24.4,21.656243844115277,27.14375615588472,2.7437561558847214,16892.2,14643.807517931275,19140.592482068725,2248.3924820687253,2500.0,2500.0,2500.0,0.0,2500.0,2500.0,2500.0,0.0,1.0,1.0,1.0,0.0,113.86253876880042,93.42413303272,134.30094450488085,20.438405736080426,,,,,,,,
global_whole_skeleton,scale_free_m2,50,1.0,self_masking_gaussian_preserving,0.3,n_inverse_half,10,10,0.9761183866264,0.9622151858570627,0.9900215873957374,0.013903200769337376,0.6144329896907216,0.5941020320267132,0.63476394735473,0.020330957664008387,0.7536256629850288,0.7391703082533027,0.7680810177167549,0.0144553547317261,0.0,0.0,0.0,0.0,1.5,0.5920006857357659,2.407999314264234,0.907999314264234,37.4,35.42789710659119,39.37210289340881,1.9721028934088096,6872.8,6164.851314912615,7580.748685087386,707.9486850873855,389.7,383.8198416562741,395.5801583437259,5.8801583437258955,856.3,852.9269322546204,859.6730677453795,3.373067745379558,0.337986864503238,0.33133820867904445,0.34463552032743155,0.00664865582419355,41.600181657600025,34.86924911385991,48.33111420134014,6.730932543740117,,,,,,,,
global_whole_skeleton,scale_free_m2,50,1.0,self_masking_logistic_population,0.3,n_inverse_half,10,10,0.9786844464164414,0.9626109964302707,0.994757896402612,0.016073449986170663,0.6144329896907217,0.5872360214539051,0.6416299579275383,0.02719696823681661,0.7543576020318437,0.7310993422152807,0.7776158618484066,0.02325825981656293,0.0,0.0,0.0,0.0,1.3,0.28552626654393465,2.314473733456065,1.0144737334560654,37.4,34.761894081028785,40.03810591897121,2.6381059189712133,7314.9,6743.660901199442,7886.139098800557,571.2390988005573,358.1,350.9587616031261,365.24123839687394,7.141238396873916,840.9,831.3235346774876,850.4764653225124,9.576465322512377,0.3312712263386869,0.324338675099928,0.3382037775774458,0.0069325512387589106,44.64265482729993,39.49162194759797,49.79368770700189,5.151032879701958,,,,,,,,
global_whole_skeleton,small_world_k2,20,1.0,complete,0.0,n_inverse_half,10,10,0.9722943722943723,0.9447038283603741,0.9998849162283705,0.02759054393399818,0.9949999999999999,0.9836892141860089,1.006310785813991,0.011310785813991087,0.9830340391316001,0.9689190740995974,0.9971490041636029,0.014114965032002713,0.5,0.12297380620029918,0.8770261937997008,0.3770261937997008,0.6,-0.0032419100795213485,1.2032419100795213,0.6032419100795213,0.1,-0.12621571627982048,0.3262157162798205,0.22621571627982048,446.2,379.8349930209401,512.5650069790598,66.36500697905987,1000.0,1000.0,1000.0,0.0,1000.0,1000.0,1000.0,0.0,1.0,1.0,1.0,0.0,2.3894450612999663,1.9025136933905775,2.8763764292093548,0.4869313679093886,1.0,1.0,1.0,0.0,0.12692557804087073,0.10105049131080586,0.1528006647709356,0.025875086730064868
global_whole_skeleton,small_world_k2,20,1.0,self_masking_gaussian_preserving,0.3,n_inverse_half,10,10,1.0,1.0,1.0,0.0,0.99,0.974918952248012,1.005081047751988,0.015081047751988041,0.9948717948717949,0.9871379242297498,1.00260566551384,0.007733870642045115,0.8,0.4983790449602394,1.1016209550397607,0.3016209550397606,0.0,0.0,0.0,0.0,0.2,-0.10162095503976065,0.5016209550397607,0.30162095503976066,396.6,343.2791646818754,449.92083531812466,53.32083531812464,229.4,201.1171042082977,257.6828957917023,28.282895791702316,416.45,376.0897201640998,456.8102798359002,40.3602798359002,0.4146825421570511,0.40450271028601675,0.4248623740280854,0.010179831871034328,2.287579313600008,1.9548804870671699,2.6202781401328465,0.33269882653283833,1.0,1.0,1.0,0.0,0.12692557804087073,0.10105049131080587,0.1528006647709356,0.02587508673006486
global_whole_skeleton,small_world_k2,20,1.0,self_masking_logistic_population,0.3,n_inverse_half,10,10,1.0,1.0,1.0,0.0,0.9899999999999999,0.9749189522480118,1.005081047751988,0.015081047751988097,0.9948717948717949,0.9871379242297498,1.00260566551384,0.007733870642045115,0.8,0.4983790449602394,1.1016209550397607,0.3016209550397606,0.0,0.0,0.0,0.0,0.2,-0.10162095503976065,0.5016209550397607,0.30162095503976066,395.2,347.1569795665383,443.24302043346165,48.04302043346166,223.5,192.864214681107,254.135785318893,30.635785318893,411.2,373.72913455481057,448.6708654451894,37.47086544518942,0.41311237745878326,0.4030100770024822,0.4232146779150843,0.010102300456301061,2.0593563026000994,1.6907049665848488,2.42800763861535,0.3686513360152506,1.0,1.0,1.0,0.0,0.12692557804087073,0.10105049131080587,0.1528006647709356,0.02587508673006486
global_whole_skeleton,small_world_k2,50,1.0,complete,0.0,n_inverse_half,10,10,0.9921568627450981,0.9849135545531534,0.9994001709370427,0.007243308191944631,1.0,1.0,1.0,0.0,0.9960396039603958,0.9923820919030771,0.9996971160177145,0.0036575120573186792,0.6,0.2305912822108201,0.9694087177891799,0.36940871778917994,0.4,0.030591282210820137,0.76940871778918,0.36940871778917994,0.0,0.0,0.0,0.0,1941.7,1845.3103648831293,2038.0896351168708,96.38963511687075,2500.0,2500.0,2500.0,0.0,2500.0,2500.0,2500.0,0.0,1.0,1.0,1.0,0.0,8.762036204700006,7.68695589061043,9.837116518789582,1.075080314089576,1.0,1.0,1.0,0.0,,,,
global_whole_skeleton,small_world_k2,50,1.0,self_masking_gaussian_preserving,0.3,n_inverse_half,10,10,0.9980392156862745,0.993603613406278,1.002474817966271,0.004435602279996509,1.0,1.0,1.0,0.0,0.9990099009900991,0.9967701414229722,1.001249660557226,0.0022397595671269643,0.9,0.6737842837201795,1.1262157162798205,0.2262157162798205,0.1,-0.12621571627982048,0.3262157162798205,0.22621571627982048,0.0,0.0,0.0,0.0,1882.6,1808.9331338133286,1956.2668661866712,73.66686618667131,581.0,545.4826116641731,616.5173883358269,35.51738833582692,1210.7,1206.610699443008,1214.7893005569922,4.089300556992157,0.440220743127656,0.4365419236636247,0.44389956259168734,0.003678819464031313,9.010301105699956,8.242211165513684,9.778391045886227,0.7680899401862717,1.0,1.0,1.0,0.0,,,,
global_whole_skeleton,small_world_k2,50,1.0,self_masking_logistic_population,0.3,n_inverse_half,10,10,0.9980392156862745,0.993603613406278,1.002474817966271,0.004435602279996509,1.0,1.0,1.0,0.0,0.9990099009900991,0.9967701414229722,1.001249660557226,0.0022397595671269643,0.9,0.6737842837201795,1.1262157162798205,0.2262157162798205,0.1,-0.12621571627982048,0.3262157162798205,0.22621571627982048,0.0,0.0,0.0,0.0,1886.2,1827.6146423260545,1944.7853576739456,58.58535767394551,562.5,542.3222287634852,582.6777712365148,20.177771236514786,1205.0,1199.863580220568,1210.136419779432,5.13641977943189,0.43754859777629207,0.4338094676757923,0.4412877278767918,0.0037391301004997546,8.565668244500056,7.734745745465379,9.396590743534732,0.8309224990346764,1.0,1.0,1.0,0.0,,,,
target_restriction_of_global,er_expected_degree_2,20,1.0,complete,0.0,n_inverse_half,10,10,0.9616666666666666,0.9313739421603794,0.9919593911729537,0.030292724506287172,0.9639999999999999,0.9313089324553468,0.9966910675446529,0.03269106754465301,0.9551341991341991,0.9311598530049452,0.9791085452634529,0.023974346129253865,0.78,0.6593516179840957,0.9006483820159044,0.12064838201590433,0.09000000000000001,0.018862840028050137,0.16113715997194988,0.07113715997194987,0.15000000000000002,0.01831041195693217,0.2816895880430679,0.13168958804306785,943.8,584.8888380347848,1302.711161965215,358.9111619652151,1000.0,1000.0,1000.0,0.0,1000.0,1000.0,1000.0,0.0,1.0,1.0,1.0,0.0,5.5477641849299655,2.9398735219544645,8.155654847905467,2.6078906629755014,1.0,1.0,1.0,0.0,0.0838303956713607,0.0650999070431568,0.10256088429956461,0.01873048862820391
target_restriction_of_global,er_expected_degree_2,20,1.0,self_masking_gaussian_preserving,0.3,n_inverse_half,10,10,0.9916666666666666,0.9728153569766815,1.0105179763566516,0.018851309689985052,0.9245000000000001,0.8704769716554712,0.978523028344529,0.05402302834452888,0.9484163059163059,0.9071140165568252,0.9897185952757865,0.04130228935948066,0.79,0.6375023422058744,0.9424976577941256,0.1524976577941256,0.02,-0.02524314325596409,0.06524314325596409,0.04524314325596409,0.27,0.06752605171549056,0.4724739482845095,0.2024739482845095,739.3,520.662760526241,957.937239473759,218.637239473759,176.7,157.93924327330342,195.46075672669656,18.76075672669657,353.3,347.48792385263687,359.11207614736315,5.812076147363143,0.3718607318620603,0.3574150239316384,0.38630643979248225,0.014445707930421936,4.157868010590019,2.6037069365834933,5.712029084596545,1.554161074006526,1.0,1.0,1.0,0.0,0.0838303956713607,0.0650999070431568,0.10256088429956461,0.01873048862820391
target_restriction_of_global,er_expected_degree_2,20,1.0,self_masking_logistic_population,0.3,n_inverse_half,10,10,0.9866666666666667,0.9657879014775882,1.007545431855745,0.02087876518907844,0.9288333333333334,0.8725845013343702,0.9850821653322966,0.056248831998963245,0.9473924963924965,0.9040793117716073,0.9907056810133856,0.04331318462088918,0.79,0.6532272848601031,0.926772715139897,0.13677271513989697,0.030000000000000006,-0.018282911193318367,0.07828291119331837,0.04828291119331837,0.28,0.06197582181962405,0.49802417818037603,0.218024178180376,746.0,515.2042846629614,976.7957153370386,230.7957153370386,176.1,152.83543686981696,199.36456313018303,23.264563130183035,354.3,333.84293255772275,374.7570674422773,20.457067442277264,0.36839801894477764,0.3531403255113875,0.38365571237816776,0.015257693433390118,4.47207836670997,2.876616110916382,6.067540622503557,1.5954622557935876,1.0,1.0,1.0,0.0,0.08383039567136069,0.06509990704315678,0.1025608842995646,0.01873048862820391
target_restriction_of_global,er_expected_degree_2,50,1.0,complete,0.0,n_inverse_half,10,10,0.9835714285714285,0.9667017041778995,1.0004411529649577,0.01686972439352913,0.9816547619047619,0.9709086154879106,0.9924009083216131,0.010746146416851232,0.978949272949273,0.9658667412713821,0.992031804627164,0.013082531677890974,0.8700000000000001,0.8111066258413514,0.9288933741586488,0.058893374158648704,0.04,0.003059128221082001,0.07694087177891801,0.036940871778918,0.09,0.037216332868041886,0.14278366713195811,0.05278366713195812,4703.9,3488.8485442013216,5918.951455798678,1215.051455798678,2500.0,2500.0,2500.0,0.0,2500.0,2500.0,2500.0,0.0,1.0,1.0,1.0,0.0,27.03481148655,18.541347965676565,35.52827500742344,8.493463520873437,1.0,1.0,1.0,0.0,,,,
target_restriction_of_global,er_expected_degree_2,50,1.0,self_masking_gaussian_preserving,0.3,n_inverse_half,10,10,1.0,1.0,1.0,0.0,0.9626309523809524,0.9407162544206603,0.9845456503412445,0.021914697960292107,0.9783252858252857,0.9654346412992579,0.9912159303513134,0.012890644526027728,0.85,0.7656943801365859,0.9343056198634141,0.08430561986341412,0.0,0.0,0.0,0.0,0.18,0.07443266573608377,0.28556733426391623,0.10556733426391623,3810.9,3013.2134686606214,4608.586531339379,797.6865313393787,395.8,386.8728349598134,404.7271650401866,8.927165040186594,878.1,870.3186323891304,885.8813676108697,7.781367610869665,0.37893064218901606,0.3668870029537167,0.39097428142431545,0.012043639235299386,20.783219687840106,15.305966167176212,26.260473208504,5.4772535206638935,1.0,1.0,1.0,0.0,,,,
target_restriction_of_global,er_expected_degree_2,50,1.0,self_masking_logistic_population,0.3,n_inverse_half,10,10,0.9960714285714285,0.9898774268161477,1.0022654303267093,0.006194001755280842,0.9445357142857143,0.9073587297519323,0.9817126988194962,0.03717698453378193,0.9649205239205239,0.9410349430676999,0.9888061047733478,0.023885580852823995,0.8,0.6933608886717113,0.9066391113282888,0.10663911132828874,0.02,-0.010162095503976062,0.05016209550397606,0.030162095503976062,0.23000000000000004,0.08281484577712997,0.37718515422287013,0.1471851542228701,3787.4,3019.2278280842256,4555.572171915775,768.1721719157745,375.8,359.07158953167567,392.52841046832435,16.72841046832434,879.95,859.7247672764548,900.1752327235453,20.22523272354522,0.3767757315867486,0.3632471711408086,0.39030429203268857,0.013528560445939974,21.129871856519966,15.548383372089521,26.71136034095041,5.581488484430444,1.0,1.0,1.0,0.0,,,,
target_restriction_of_global,random_regular_d2,20,1.0,complete,0.0,n_inverse_half,10,10,0.9966666666666667,0.9891261427906727,1.0042071905426608,0.007540523875994076,1.0,1.0,1.0,0.0,0.998,0.9934756856744036,1.0025243143255964,0.0045243143255964124,0.99,0.9673784283720179,1.012621571627982,0.022621571627982062,0.01,-0.012621571627982045,0.03262157162798204,0.022621571627982045,0.0,0.0,0.0,0.0,381.8,342.48674277017125,421.1132572298288,39.313257229828764,1000.0,1000.0,1000.0,0.0,1000.0,1000.0,1000.0,0.0,1.0,1.0,1.0,0.0,1.84117508381019,1.5651786649951207,2.117171502625259,0.2759964188150692,1.0,1.0,1.0,0.0,0.15183201506606137,0.11944090281897626,0.18422312731314647,0.0323911122470851
target_restriction_of_global,random_regular_d2,20,1.0,self_masking_gaussian_preserving,0.3,n_inverse_half,10,10,1.0,1.0,1.0,0.0,0.9949999999999999,0.9836892141860089,1.006310785813991,0.011310785813991087,0.9966666666666667,0.9891261427906727,1.0042071905426608,0.007540523875994076,0.99,0.9673784283720179,1.012621571627982,0.022621571627982062,0.0,0.0,0.0,0.0,0.01,-0.012621571627982045,0.03262157162798204,0.022621571627982045,363.2,340.6746490128314,385.72535098716855,22.525350987168565,265.7,238.69260552900565,292.7073944709943,27.007394470994328,437.35,401.9091166390501,472.7908833609499,35.4408833609499,0.42124499756750716,0.41520209236645766,0.42728790276855666,0.006042905201049498,1.9809156467801947,1.6851676982189536,2.276663595341436,0.2957479485612411,1.0,1.0,1.0,0.0,0.1518320150660614,0.11944090281897629,0.1842231273131465,0.0323911122470851
target_restriction_of_global,random_regular_d2,20,1.0,self_masking_logistic_population,0.3,n_inverse_half,10,10,1.0,1.0,1.0,0.0,0.9949999999999999,0.9836892141860089,1.006310785813991,0.011310785813991087,0.9966666666666667,0.9891261427906727,1.0042071905426608,0.007540523875994076,0.99,0.9673784283720179,1.012621571627982,0.022621571627982062,0.0,0.0,0.0,0.0,0.01,-0.012621571627982045,0.03262157162798204,0.022621571627982045,352.5,323.3439035603104,381.6560964396896,29.156096439689577,275.4,247.68777967787565,303.1122203221243,27.712220322124324,451.6,423.2719066670753,479.92809333292473,28.32809333292471,0.4228646569285547,0.4155269615762501,0.4302023522808593,0.007337695352304607,1.8446896769098249,1.4617448087411236,2.2276345450785264,0.38294486816870144,1.0,1.0,1.0,0.0,0.15183201506606137,0.11944090281897626,0.18422312731314647,0.0323911122470851
target_restriction_of_global,random_regular_d2,50,1.0,complete,0.0,n_inverse_half,10,10,0.99,0.9739056962688939,1.006094303731106,0.016094303731106097,1.0,1.0,1.0,0.0,0.994,0.9843434177613363,1.0036565822386636,0.009656582238663669,0.97,0.9217170888066816,1.0182829111933183,0.048282911193318345,0.030000000000000006,-0.018282911193318367,0.07828291119331837,0.04828291119331837,0.0,0.0,0.0,0.0,1810.0,1740.064740660327,1879.935259339673,69.93525933967294,2500.0,2500.0,2500.0,0.0,2500.0,2500.0,2500.0,0.0,1.0,1.0,1.0,0.0,7.529396837149887,6.767576397823597,8.291217276476177,0.7618204393262897,1.0,1.0,1.0,0.0,,,,
target_restriction_of_global,random_regular_d2,50,1.0,self_masking_gaussian_preserving,0.3,n_inverse_half,10,10,1.0,1.0,1.0,0.0,1.0,1.0,1.0,0.0,1.0,1.0,1.0,0.0,1.0,1.0,1.0,0.0,0.0,0.0,0.0,0.0,0.0,0.0,0.0,0.0,1771.8,1715.023510432632,1828.5764895673678,56.77648956736789,660.3,584.4196591546684,736.1803408453316,75.8803408453316,1214.35,1211.4784065338993,1217.2215934661006,2.8715934661006486,0.4465248051489773,0.44359885236888363,0.44945075792907097,0.0029259527800936658,7.805633124890074,6.961042529624125,8.650223720156022,0.8445905952659487,1.0,1.0,1.0,0.0,,,,
target_restriction_of_global,random_regular_d2,50,1.0,self_masking_logistic_population,0.3,n_inverse_half,10,10,0.9966666666666667,0.9891261427906727,1.0042071905426608,0.007540523875994076,1.0,1.0,1.0,0.0,0.998,0.9934756856744036,1.0025243143255964,0.0045243143255964124,0.99,0.9673784283720179,1.012621571627982,0.022621571627982062,0.01,-0.012621571627982045,0.03262157162798204,0.022621571627982045,0.0,0.0,0.0,0.0,1779.0,1724.3991087892257,1833.6008912107743,54.60089121077431,642.3,567.5977611728305,717.0022388271694,74.70223882716948,1207.4,1202.0872741496432,1212.712725850357,5.3127258503568555,0.44338740462140336,0.439645166689188,0.4471296425536187,0.003742237932215342,7.912924024700037,6.883595343725262,8.942252705674811,1.0293286809747744,1.0,1.0,1.0,0.0,,,,
target_restriction_of_global,scale_free_m2,20,1.0,complete,0.0,n_inverse_half,10,10,0.940047619047619,0.908420194390061,0.971675043705177,0.03162742465755797,0.7558962703962704,0.6962418684150528,0.815550672377488,0.05965440198121763,0.8164679438208851,0.7729960443738457,0.8599398432679244,0.04347189944703933,0.35000000000000003,0.2140612726062156,0.48593872739378446,0.13593872739378443,0.20999999999999996,0.11197318961207776,0.3080268103879222,0.09802681038792221,1.05,0.846965180978198,1.2530348190218021,0.2030348190218021,2102.1,1706.951877476959,2497.248122523041,395.1481225230409,1000.0,1000.0,1000.0,0.0,1000.0,1000.0,1000.0,0.0,1.0,1.0,1.0,0.0,13.444482724979924,10.314197002062967,16.57476844789688,3.1302857229169563,,,,,,,,
target_restriction_of_global,scale_free_m2,20,1.0,self_masking_gaussian_preserving,0.3,n_inverse_half,10,10,0.9141666666666666,0.8661420533740025,0.9621912799593306,0.04802461329266405,0.5831713286713287,0.5129542254687487,0.6533884318739087,0.07021710320258001,0.6881229603729604,0.6266946320568563,0.7495512886890645,0.06142832831610412,0.18000000000000002,0.09878607239127914,0.2612139276087209,0.0812139276087209,0.06,-0.016898556772811574,0.13689855677281157,0.07689855677281157,1.67,1.446184853537952,1.8938151464620478,0.22381514646204792,1050.3,850.8192781419638,1249.780721858036,199.48072185803613,162.4,153.1144334425963,171.68556655740372,9.285566557403712,343.7,338.45350744715483,348.94649255284514,5.2464925528451545,0.34531797896567007,0.3343869409071345,0.35624901702420564,0.01093103805853557,6.503572901659941,4.981651700231444,8.025494103088437,1.5219212014284969,,,,,,,,
target_restriction_of_global,scale_free_m2,20,1.0,self_masking_logistic_population,0.3,n_inverse_half,10,10,0.925,0.8854571591950959,0.9645428408049042,0.03954284080490411,0.5904930069930069,0.5482242504786626,0.6327617635073511,0.04226875651434425,0.6964616494616495,0.6562766624238419,0.736646636499457,0.040184987037807596,0.2,0.13255550410926875,0.26744449589073127,0.06744449589073126,0.06000000000000001,0.009981823161222918,0.1100181768387771,0.05001817683877709,1.6700000000000004,1.4946118884430315,1.8453881115569692,0.17538811155696887,1046.8,860.2355528462028,1233.364447153797,186.56444715379712,153.1,147.22564635496803,158.97435364503195,5.87435364503196,336.2,330.322259584064,342.077740415936,5.877740415935989,0.33928726660281755,0.32948935759129266,0.34908517561434244,0.009797909011524886,6.279955747389982,4.833484983777359,7.726426511002606,1.4464707636126235,,,,,,,,
target_restriction_of_global,scale_free_m2,50,1.0,complete,0.0,n_inverse_half,10,10,0.9424722222222224,0.9070739678533708,0.977870476591074,0.03539825436885158,0.7956067374318148,0.7560163582599004,0.8351971166037291,0.039590379171914325,0.8448061006681696,0.8202157209166776,0.8693964804196617,0.02459037975149203,0.41000000000000003,0.3243561120578228,0.4956438879421773,0.08564388794217725,0.29,0.11331987752405404,0.4666801224759459,0.17668012247594594,1.4700000000000002,1.308098086331369,1.6319019136686315,0.16190191366863127,16892.2,14643.807517931275,19140.592482068725,2248.3924820687253,2500.0,2500.0,2500.0,0.0,2500.0,2500.0,2500.0,0.0,1.0,1.0,1.0,0.0,113.86255289480027,93.42414639149736,134.30095939810317,20.438406503302907,,,,,,,,
target_restriction_of_global,scale_free_m2,50,1.0,self_masking_gaussian_preserving,0.3,n_inverse_half,10,10,0.9611666666666666,0.9264836720975643,0.9958496612357689,0.03468299456910229,0.6528768428424001,0.6233067872014199,0.6824468984833804,0.029570055640980253,0.7463112124336381,0.7204731268148855,0.7721492980523906,0.02583808561875256,0.27,0.22171708880668164,0.31828291119331836,0.04828291119331836,0.08,-0.014181113024915912,0.1741811130249159,0.09418111302491591,2.21,2.033319877524054,2.386680122475946,0.176680122475946,6872.8,6164.851314912615,7580.748685087386,707.9486850873855,389.7,383.8198416562741,395.5801583437259,5.8801583437258955,856.3,852.9269322546204,859.6730677453795,3.373067745379558,0.337986864503238,0.33133820867904445,0.34463552032743155,0.00664865582419355,41.60019252273011,34.869258738497884,48.33112630696234,6.730933784232228,,,,,,,,
target_restriction_of_global,scale_free_m2,50,1.0,self_masking_logistic_population,0.3,n_inverse_half,10,10,0.9623333333333333,0.9284979310094178,0.9961687356572487,0.033835402323915464,0.6793565900044227,0.6501795644516783,0.7085336155571671,0.029177025552744373,0.7662705884250507,0.7426674617015909,0.7898737151485105,0.023603126723459766,0.31,0.24736370443276462,0.3726362955672354,0.06263629556723538,0.06,-0.03048628651192818,0.1504862865119282,0.0904862865119282,2.12,1.9520645595446866,2.2879354404553136,0.1679354404553135,7314.9,6743.660901199442,7886.139098800557,571.2390988005573,358.1,350.9587616031261,365.24123839687394,7.141238396873916,840.9,831.3235346774876,850.4764653225124,9.576465322512377,0.3312712263386869,0.324338675099928,0.3382037775774458,0.0069325512387589106,44.64266717334003,39.49163342599682,49.79370092068324,5.151033747343213,,,,,,,,
target_restriction_of_global,small_world_k2,20,1.0,complete,0.0,n_inverse_half,10,10,0.9800000000000001,0.9543671477423963,1.005632852257604,0.02563285225760381,0.9925,0.9755338212790136,1.0094661787209867,0.016966178720986547,0.9832380952380951,0.9662795271427321,1.0001966633334582,0.016958568095363058,0.9199999999999999,0.838786072391279,1.0012139276087209,0.08121392760872093,0.06000000000000001,-0.016898556772811574,0.1368985567728116,0.07689855677281159,0.02,-0.02524314325596409,0.06524314325596409,0.04524314325596409,446.2,379.8349930209401,512.5650069790598,66.36500697905987,1000.0,1000.0,1000.0,0.0,1000.0,1000.0,1000.0,0.0,1.0,1.0,1.0,0.0,2.389453504269882,1.9025224544318493,2.8763845541079145,0.4869310498380326,1.0,1.0,1.0,0.0,0.12692557804087073,0.10105049131080586,0.1528006647709356,0.025875086730064868
target_restriction_of_global,small_world_k2,20,1.0,self_masking_gaussian_preserving,0.3,n_inverse_half,10,10,1.0,1.0,1.0,0.0,0.9891666666666665,0.9713823766736791,1.006950956659654,0.017784289992987423,0.9932380952380953,0.9820274380012023,1.004448752474988,0.011210657236892907,0.97,0.9217170888066816,1.0182829111933183,0.048282911193318345,0.0,0.0,0.0,0.0,0.030000000000000006,-0.018282911193318367,0.07828291119331837,0.04828291119331837,396.6,343.2791646818754,449.92083531812466,53.32083531812464,229.4,201.1171042082977,257.6828957917023,28.282895791702316,416.45,376.0897201640998,456.8102798359002,40.3602798359002,0.4146825421570511,0.40450271028601675,0.4248623740280854,0.010179831871034328,2.2875889640098697,1.9548898743738543,2.620288053645885,0.33269908963601535,1.0,1.0,1.0,0.0,0.12692557804087073,0.10105049131080587,0.1528006647709356,0.02587508673006486
target_restriction_of_global,small_world_k2,20,1.0,self_masking_logistic_population,0.3,n_inverse_half,10,10,1.0,1.0,1.0,0.0,0.9891666666666667,0.9713823766736793,1.0069509566596542,0.017784289992987423,0.9932380952380953,0.9820274380012023,1.004448752474988,0.011210657236892907,0.9700000000000001,0.9217170888066817,1.0182829111933185,0.0482829111933184,0.0,0.0,0.0,0.0,0.030000000000000006,-0.018282911193318367,0.07828291119331837,0.04828291119331837,395.2,347.1569795665383,443.24302043346165,48.04302043346166,223.5,192.864214681107,254.135785318893,30.635785318893,411.2,373.72913455481057,448.6708654451894,37.47086544518942,0.41311237745878326,0.4030100770024822,0.4232146779150843,0.010102300456301061,2.0593650897900444,1.6907135129466209,2.428016666633468,0.36865157684342353,1.0,1.0,1.0,0.0,0.12692557804087073,0.10105049131080586,0.1528006647709356,0.025875086730064868
target_restriction_of_global,small_world_k2,50,1.0,complete,0.0,n_inverse_half,10,10,0.9966666666666667,0.9891261427906727,1.0042071905426608,0.007540523875994076,1.0,1.0,1.0,0.0,0.998,0.9934756856744036,1.0025243143255964,0.0045243143255964124,0.99,0.9673784283720179,1.012621571627982,0.022621571627982062,0.01,-0.012621571627982045,0.03262157162798204,0.022621571627982045,0.0,0.0,0.0,0.0,1941.7,1845.3103648831293,2038.0896351168708,96.38963511687075,2500.0,2500.0,2500.0,0.0,2500.0,2500.0,2500.0,0.0,1.0,1.0,1.0,0.0,8.762046837530105,7.686965957267075,9.837127717793136,1.0750808802630303,1.0,1.0,1.0,0.0,,,,
target_restriction_of_global,small_world_k2,50,1.0,self_masking_gaussian_preserving,0.3,n_inverse_half,10,10,1.0,1.0,1.0,0.0,1.0,1.0,1.0,0.0,1.0,1.0,1.0,0.0,1.0,1.0,1.0,0.0,0.0,0.0,0.0,0.0,0.0,0.0,0.0,0.0,1882.6,1808.9331338133286,1956.2668661866712,73.66686618667131,581.0,545.4826116641731,616.5173883358269,35.51738833582692,1210.7,1206.610699443008,1214.7893005569922,4.089300556992157,0.440220743127656,0.4365419236636247,0.44389956259168734,0.003678819464031313,9.010310781849942,8.242220238214959,9.778401325484925,0.7680905436349832,1.0,1.0,1.0,0.0,,,,
target_restriction_of_global,small_world_k2,50,1.0,self_masking_logistic_population,0.3,n_inverse_half,10,10,1.0,1.0,1.0,0.0,1.0,1.0,1.0,0.0,1.0,1.0,1.0,0.0,1.0,1.0,1.0,0.0,0.0,0.0,0.0,0.0,0.0,0.0,0.0,0.0,1886.2,1827.6146423260545,1944.7853576739456,58.58535767394551,562.5,542.3222287634852,582.6777712365148,20.177771236514786,1205.0,1199.863580220568,1210.136419779432,5.13641977943189,0.4375485977762922,0.4338094676757924,0.44128772787679194,0.0037391301004997546,8.565678810300053,7.734755512440679,9.396602108159426,0.8309232978593735,1.0,1.0,1.0,0.0,,,,
