evaluation_scope,topology,p,gamma,alpha_schedule,contrast,left,right,paired_seeds,precision_delta_mean,precision_delta_lo95,precision_delta_hi95,precision_delta_halfwidth95,precision_paired_n,recall_delta_mean,recall_delta_lo95,recall_delta_hi95,recall_delta_halfwidth95,recall_paired_n,f1_delta_mean,f1_delta_lo95,f1_delta_hi95,f1_delta_halfwidth95,f1_paired_n,exact_recovery_delta_mean,exact_recovery_delta_lo95,exact_recovery_delta_hi95,exact_recovery_delta_halfwidth95,exact_recovery_paired_n,fp_delta_mean,fp_delta_lo95,fp_delta_hi95,fp_delta_halfwidth95,fp_paired_n,fn_delta_mean,fn_delta_lo95,fn_delta_hi95,fn_delta_halfwidth95,fn_paired_n,trace_ci_tests_delta_mean,trace_ci_tests_delta_lo95,trace_ci_tests_delta_hi95,trace_ci_tests_delta_halfwidth95,trace_ci_tests_paired_n,trace_ci_n_eff_min_delta_mean,trace_ci_n_eff_min_delta_lo95,trace_ci_n_eff_min_delta_hi95,trace_ci_n_eff_min_delta_halfwidth95,trace_ci_n_eff_min_paired_n,trace_ci_n_eff_median_delta_mean,trace_ci_n_eff_median_delta_lo95,trace_ci_n_eff_median_delta_hi95,trace_ci_n_eff_median_delta_halfwidth95,trace_ci_n_eff_median_paired_n,trace_ci_effective_fraction_mean_delta_mean,trace_ci_effective_fraction_mean_delta_lo95,trace_ci_effective_fraction_mean_delta_hi95,trace_ci_effective_fraction_mean_delta_halfwidth95,trace_ci_effective_fraction_mean_paired_n,runtime_seconds_delta_mean,runtime_seconds_delta_lo95,runtime_seconds_delta_hi95,runtime_seconds_delta_halfwidth95,runtime_seconds_paired_n,missingness_mode,missing_rate_target
global_whole_skeleton,er_expected_degree_2,50,1.0,fixed_005,quadratic_minus_complete,complete,self_masking_gaussian_preserving,10,0.07845387316156519,0.04762946222379465,0.10927828409933572,0.03082441093777054,10,-0.02031438389197008,-0.03530369048897908,-0.005325077294961084,0.014989306597008995,10,0.03037982753269052,0.008969804490875775,0.05178985057450526,0.021410023041814743,10,0.0,0.0,0.0,0.0,10,-4.7,-6.45388111556969,-2.946118884430311,1.7538811155696892,10,1.2,0.25818886975084077,2.141811130249159,0.9418111302491592,10,-1124.6,-1613.9709601348209,-635.2290398651791,489.37096013482085,10,-2104.2,-2113.1271650401864,-2095.2728349598133,8.927165040186567,10,-1627.2,-1632.582898974097,-1621.8171010259032,5.38289897409681,10,-0.6281371886486236,-0.6389882681133024,-0.6172861091839447,0.010851079464678936,10,-7.341864559600346,-11.100226119510635,-3.583502999690056,3.75836155991029,10,,
global_whole_skeleton,er_expected_degree_2,50,1.0,n_inverse_half,quadratic_minus_complete,complete,self_masking_gaussian_preserving,10,0.02172065123146679,0.00546512806865752,0.03797617439427606,0.01625552316280927,10,-0.02197092777911742,-0.039732364527708744,-0.004209491030526095,0.017761436748591326,10,-0.0006648043740394849,-0.014530897415810847,0.013201288667731877,0.013866093041771362,10,0.0,0.0,0.0,0.0,10,-1.2,-2.0793686396570705,-0.3206313603429293,0.8793686396570707,10,1.3,0.17902053668676343,2.4209794633132367,1.1209794633132366,10,-893.0,-1336.121244987638,-449.87875501236203,443.12124498763797,10,-2104.2,-2113.1271650401864,-2095.2728349598133,8.927165040186567,10,-1621.9,-1629.6813676108698,-1614.1186323891304,7.7813676108696805,10,-0.6210693578109839,-0.6331129970462833,-0.6090257185756845,0.012043639235299388,10,-6.344277744299825,-11.149600483036386,-1.538955005563265,4.80532273873656,10,,
global_whole_skeleton,er_expected_degree_2,100,1.0,fixed_005,quadratic_minus_complete,complete,self_masking_gaussian_preserving,10,0.15363744734586068,0.11773657602567014,0.18953831866605123,0.035900871320190535,10,-0.008009349524801446,-0.013369559754299747,-0.002649139295303144,0.005360210229498302,10,0.08141067222405812,0.057104250454606105,0.10571709399351015,0.024306421769452018,10,0.0,0.0,0.0,0.0,10,-19.0,-22.903632422110054,-15.096367577889946,3.903632422110053,10,0.9,0.27363704432764613,1.526362955672354,0.6263629556723539,10,-3112.6,-4186.283605036682,-2038.916394963318,1073.683605036682,10,-4187.6,-4203.287914495059,-4171.912085504941,15.687914495059184,10,-3181.1,-3332.68383016885,-3029.51616983115,151.5838301688498,10,-0.6066951916109207,-0.6203296489143014,-0.5930607343075399,0.01363445730338072,10,-23.20789254509996,-33.320062293128615,-13.095722797071303,10.112169748028656,10,,
global_whole_skeleton,er_expected_degree_2,100,1.0,n_inverse_half,quadratic_minus_complete,complete,self_masking_gaussian_preserving,10,0.04873822382901927,0.02962894836625184,0.0678474992917867,0.019109275462767427,10,-0.011564591134765701,-0.020347428918155854,-0.002781753351375548,0.008782837783390153,10,0.019453755942679674,0.005959121965306688,0.03294838992005266,0.013494633977372985,10,0.2,-0.10162095503976065,0.5016209550397607,0.30162095503976066,10,-5.2,-7.009725730238564,-3.390274269761436,1.8097257302385639,10,1.3,0.28552626654393465,2.314473733456065,1.0144737334560654,10,-1756.1,-2684.845816726137,-827.3541832738629,928.745816726137,10,-4185.7,-4199.879593756425,-4171.520406243575,14.179593756424671,10,-2980.0,-3223.148164891985,-2736.851835108015,243.14816489198503,10,-0.5943187010900055,-0.6101971133931275,-0.5784402887868835,0.01587841230312203,10,-13.889946649899594,-20.234875387196624,-7.545017912602562,6.344928737297032,10,,
global_whole_skeleton,random_regular_d2,50,1.0,fixed_005,quadratic_minus_complete,complete,self_masking_gaussian_preserving,10,0.05586014554110262,0.02172106617320934,0.0899992249089959,0.03413907936789328,10,0.0,0.0,0.0,0.0,10,0.02937408618428957,0.011054120626773984,0.04769405174180516,0.018319965557515586,10,0.6,0.2305912822108201,0.9694087177891799,0.3694087177891799,10,-3.1,-5.079297747271397,-1.1207022527286026,1.9792977472713975,10,0.0,0.0,0.0,0.0,10,-138.6,-224.1264287956506,-53.07357120434936,85.52642879565063,10,-1904.9,-1921.1058121070355,-1888.6941878929647,16.205812107035445,10,-1295.9,-1300.090930642497,-1291.7090693575033,4.190930642496751,10,-0.5674253579364082,-0.5707946084547244,-0.5640561074180921,0.0033692505183161125,10,-0.816743690800058,-2.1740506473170536,0.5405632657169372,1.3573069565169953,10,,
global_whole_skeleton,random_regular_d2,50,1.0,n_inverse_half,quadratic_minus_complete,complete,self_masking_gaussian_preserving,10,0.01713591419473769,-0.0012608012891287684,0.03553262967860415,0.01839671548386646,10,0.0,0.0,0.0,0.0,10,0.008777235189582334,-0.000711569330733618,0.018266039709898284,0.009488804520315952,10,0.5,-0.005833719180484476,1.0058337191804845,0.5058337191804845,10,-0.9,-1.8802681038792222,0.08026810387922223,0.9802681038792223,10,0.0,0.0,0.0,0.0,10,-38.2,-78.24266681115233,1.842666811152334,40.04266681115234,10,-1839.7,-1915.5803408453316,-1763.8196591546684,75.88034084533162,10,-1285.65,-1288.5215934661007,-1282.7784065338994,2.8715934661005384,10,-0.5534751948510227,-0.5564011476311164,-0.550549242070929,0.0029259527800936896,10,-0.22244373310036272,-1.4986110102288748,1.0537235440281492,1.276167277128512,10,,
global_whole_skeleton,random_regular_d2,100,1.0,fixed_005,quadratic_minus_complete,complete,self_masking_gaussian_preserving,10,0.11815498081641022,0.1058897675919646,0.13042019404085586,0.01226521322444563,10,-0.0010000000000000009,-0.003262157162798208,0.0012621571627982062,0.002262157162798207,10,0.06272976094564342,0.05586547811632281,0.06959404377496403,0.006864282829320614,10,0.4,0.03059128221082008,0.76940871778918,0.36940871778917994,10,-13.6,-15.152688897930322,-12.047311102069678,1.5526888979303224,10,0.1,-0.12621571627982048,0.3262157162798205,0.22621571627982048,10,-1017.1,-1190.5613727497698,-843.6386272502302,173.46137274976982,10,-3819.7,-3832.567810648855,-3806.8321893511447,12.867810648855134,10,-2575.5,-2578.1175503412724,-2572.8824496587276,2.617550341272258,10,-0.560607350932877,-0.5616208959069641,-0.5595938059587898,0.0010135449740871127,10,-5.884456885599957,-7.996128270991475,-3.7727855002084385,2.1116713853915186,10,,
global_whole_skeleton,random_regular_d2,100,1.0,n_inverse_half,quadratic_minus_complete,complete,self_masking_gaussian_preserving,10,0.0146105101658081,0.00460216419562102,0.024618856135995182,0.01000834597018708,10,0.0,0.0,0.0,0.0,10,0.0073938685759248005,0.0023348234205983597,0.012452913731251241,0.005059045155326441,10,0.4,-0.10018176838777082,0.9001817683877709,0.5001817683877708,10,-1.5,-2.5256221311974807,-0.4743778688025191,1.025622131197481,10,0.0,0.0,0.0,0.0,10,-95.5,-146.4063553648918,-44.59364463510819,50.90635536489181,10,-3631.7,-3793.035160536907,-3470.3648394630927,161.33516053690715,10,-2561.55,-2564.6610944123777,-2558.4389055876227,3.111094412377594,10,-0.5391113860211177,-0.5399245303147633,-0.5382982417274722,0.0008131442936455265,10,0.021639460999675463,-0.8670087240090876,0.9102876460084386,0.8886481850087631,10,,
global_whole_skeleton,small_world_k2,50,1.0,fixed_005,quadratic_minus_complete,complete,self_masking_gaussian_preserving,10,0.06040715050149007,0.045584429323281855,0.07522987167969829,0.01482272117820822,10,0.0,0.0,0.0,0.0,10,0.03153894387098054,0.023717011870212107,0.03936087587174897,0.007821932000768432,10,0.7,0.35444978558635615,1.0455502144136437,0.3455502144136438,10,-3.3,-4.129457626359342,-2.470542373640658,0.8294576263593417,10,0.0,0.0,0.0,0.0,10,-179.2,-263.3022317037963,-95.09776829620371,84.10223170379628,10,-1925.8,-1957.6310155662886,-1893.9689844337113,31.831015566288748,10,-1302.9,-1311.5663552880405,-1294.2336447119596,8.666355288040485,10,-0.5724712275147397,-0.5767071613776568,-0.5682352936518226,0.004235933862917119,10,-0.40179418859979654,-1.2659059383266498,0.4623175611270566,0.8641117497268531,10,,
global_whole_skeleton,small_world_k2,50,1.0,n_inverse_half,quadratic_minus_complete,complete,self_masking_gaussian_preserving,10,0.00588235294117645,-0.0008931414590910526,0.012657847341443953,0.006775494400267502,10,0.0,0.0,0.0,0.0,10,0.0029702970297030063,-0.00045099222191727134,0.0063915862813232836,0.0034212892516202777,10,0.3,-0.045550214413643764,0.6455502144136438,0.34555021441364375,10,-0.3,-0.6455502144136438,0.045550214413643764,0.34555021441364375,10,0.0,0.0,0.0,0.0,10,-59.1,-96.61431468893012,-21.58568531106988,37.51431468893012,10,-1919.0,-1954.5173883358268,-1883.4826116641732,35.5173883358269,10,-1289.3,-1293.389300556992,-1285.2106994430078,4.089300556992183,10,-0.5597792568723439,-0.5634580763363751,-0.5561004374083126,0.0036788194640312672,10,-0.09024020059987344,-1.0944488347178212,0.9139684335180742,1.0042086341179477,10,,
global_whole_skeleton,small_world_k2,100,1.0,fixed_005,quadratic_minus_complete,complete,self_masking_gaussian_preserving,10,0.1320997747648945,0.1134915082949754,0.15070804123481363,0.018608266469919116,10,0.0,0.0,0.0,0.0,10,0.07153930364996419,0.060823619072051985,0.0822549882278764,0.010715684577912207,10,0.2,-0.10162095503976065,0.5016209550397607,0.30162095503976066,10,-15.6,-18.105451822689414,-13.094548177310584,2.5054518226894156,10,0.0,0.0,0.0,0.0,10,-1219.1,-1527.493313073127,-910.7066869268729,308.3933130731271,10,-3999.9,-4117.404712060128,-3882.3952879398717,117.50471206012843,10,-2579.7,-2582.900061875719,-2576.4999381242806,3.2000618757191073,10,-0.5674384982199316,-0.5694514177694423,-0.565425578670421,0.0020129195495106264,10,-7.707351145200073,-9.96025126440558,-5.454451025994567,2.2529001192055063,10,,
global_whole_skeleton,small_world_k2,100,1.0,n_inverse_half,quadratic_minus_complete,complete,self_masking_gaussian_preserving,10,0.027916941442168865,0.015785779779536407,0.04004810310480132,0.012131161662632457,10,0.0,0.0,0.0,0.0,10,0.014223499464286426,0.00799044702824297,0.020456551900329883,0.006233052436043456,10,0.9,0.6737842837201795,1.1262157162798205,0.22621571627982048,10,-2.9,-4.1818890589189825,-1.6181109410810175,1.2818890589189824,10,0.0,0.0,0.0,0.0,10,-192.0,-316.57210180271375,-67.42789819728627,124.57210180271373,10,-3966.1,-4082.025322325323,-3850.174677674677,115.92532232532308,10,-2562.35,-2565.171657586053,-2559.528342413947,2.8216575860527664,10,-0.5459802916101264,-0.5483544003619506,-0.5436061828583022,0.0023741087518241557,10,-1.2775235592998342,-4.75509691011597,2.2000497915163013,3.4775733508161357,10,,
target_restriction_of_global,er_expected_degree_2,50,1.0,fixed_005,quadratic_minus_complete,complete,self_masking_gaussian_preserving,10,0.05250000000000001,0.019481793701158934,0.08551820629884109,0.03301820629884108,10,-0.01892857142857144,-0.03532176779881924,-0.002535375058323644,0.016393196370247796,10,0.024427239427239456,0.0026672272444129945,0.04618725161006591,0.02176001218282646,10,0.04,-0.036898556772811585,0.11689855677281158,0.07689855677281159,10,-0.13000000000000003,-0.21294576263593423,-0.047054237364065846,0.08294576263593419,10,0.07999999999999999,0.014263236886372918,0.14573676311362704,0.06573676311362707,10,-1124.6,-1613.9709601348209,-635.2290398651791,489.37096013482085,10,-2104.2,-2113.1271650401864,-2095.2728349598133,8.927165040186567,10,-1627.2,-1632.582898974097,-1621.8171010259032,5.38289897409681,10,-0.6281371886486236,-0.6389882681133024,-0.6172861091839447,0.010851079464678936,10,-7.341866121220124,-11.100227077037921,-3.5835051654023276,3.7583609558177966,10,,
target_restriction_of_global,er_expected_degree_2,50,1.0,n_inverse_half,quadratic_minus_complete,complete,self_masking_gaussian_preserving,10,0.016428571428571438,-0.0004411529649576626,0.03329829582210054,0.0168697243935291,10,-0.019023809523809544,-0.03530735447511898,-0.002740264572500109,0.016283544951309434,10,-0.0006239871239871353,-0.016544693586256064,0.015296719338281792,0.015920706462268928,10,-0.020000000000000007,-0.08573676311362707,0.045736763113627066,0.06573676311362707,10,-0.04,-0.07694087177891798,-0.003059128221082015,0.036940871778917986,10,0.09,0.011274619496864258,0.16872538050313574,0.07872538050313574,10,-893.0,-1336.121244987638,-449.87875501236203,443.12124498763797,10,-2104.2,-2113.1271650401864,-2095.2728349598133,8.927165040186567,10,-1621.9,-1629.6813676108698,-1614.1186323891304,7.7813676108696805,10,-0.6210693578109839,-0.6331129970462833,-0.6090257185756845,0.012043639235299388,10,-6.344280619229976,-11.149604343336787,-1.5389568951231647,4.805323724106811,10,,
target_restriction_of_global,er_expected_degree_2,100,1.0,fixed_005,quadratic_minus_complete,complete,self_masking_gaussian_preserving,10,0.10733333333333332,0.05044192545714666,0.16422474120952,0.05689140787618666,10,-0.0012499999999999955,-0.0040776964534977415,0.001577696453497751,0.0028276964534977465,10,0.0718809523809524,0.033886353505598744,0.10987555125630608,0.03799459887535366,10,0.22000000000000003,0.09472740886552924,0.34527259113447084,0.12527259113447078,10,-0.3,-0.4652046008915284,-0.13479539910847158,0.1652046008915284,10,0.01,-0.012621571627982045,0.03262157162798204,0.022621571627982045,10,-3112.6,-4186.283605036682,-2038.916394963318,1073.683605036682,10,-4187.6,-4203.287914495059,-4171.912085504941,15.687914495059184,10,-3181.1,-3332.68383016885,-3029.51616983115,151.5838301688498,10,-0.6066951916109208,-0.6203296489143015,-0.59306073430754,0.013634457303380703,10,-23.207892083680065,-33.32006406098095,-13.095720106379185,10.11217197730088,10,,
target_restriction_of_global,er_expected_degree_2,100,1.0,n_inverse_half,quadratic_minus_complete,complete,self_masking_gaussian_preserving,10,0.02583333333333334,0.0050968926743498,0.046569773992316876,0.02073644065898354,10,-0.00785714285714285,-0.015550015939161391,-0.00016426977512430923,0.0076928730820185415,10,0.012366300366300398,-0.0025515747725999988,0.027284175505200795,0.014917875138900397,10,0.019999999999999997,-0.04573676311362707,0.08573676311362707,0.06573676311362707,10,-0.06000000000000001,-0.1100181768387771,-0.009981823161222918,0.050018176838777094,10,0.05,-0.000583371918048449,0.10058337191804845,0.05058337191804845,10,-1756.1,-2684.845816726137,-827.3541832738629,928.745816726137,10,-4185.7,-4199.879593756425,-4171.520406243575,14.179593756424671,10,-2980.0,-3223.148164891985,-2736.851835108015,243.14816489198503,10,-0.5943187010900055,-0.6101971133931275,-0.5784402887868835,0.01587841230312202,10,-13.889947669089745,-20.234874905086734,-7.545020433092757,6.3449272359969875,10,,
target_restriction_of_global,random_regular_d2,50,1.0,fixed_005,quadratic_minus_complete,complete,self_masking_gaussian_preserving,10,0.030000000000000006,0.0014520373526075749,0.05854796264739244,0.02854796264739243,10,0.0,0.0,0.0,0.0,10,0.018000000000000006,0.0008712224115645512,0.03512877758843546,0.017128777588435454,10,0.09,0.004356112057822714,0.17564388794217728,0.08564388794217728,10,-0.09000000000000001,-0.17564388794217728,-0.004356112057822728,0.08564388794217728,10,0.0,0.0,0.0,0.0,10,-138.6,-224.1264287956506,-53.07357120434936,85.52642879565063,10,-1904.9,-1921.1058121070355,-1888.6941878929647,16.205812107035445,10,-1295.9,-1300.090930642497,-1291.7090693575033,4.190930642496751,10,-0.5674253579364082,-0.5707946084547244,-0.5640561074180921,0.003369250518316118,10,-0.8167445682797372,-2.174050862808535,0.5405617262490605,1.3573062945287977,10,,
target_restriction_of_global,random_regular_d2,50,1.0,n_inverse_half,quadratic_minus_complete,complete,self_masking_gaussian_preserving,10,0.010000000000000009,-0.006094303731106122,0.02609430373110614,0.01609430373110613,10,0.0,0.0,0.0,0.0,10,0.005999999999999994,-0.00365658223866368,0.015656582238663667,0.009656582238663674,10,0.029999999999999992,-0.018282911193318367,0.07828291119331834,0.04828291119331836,10,-0.030000000000000006,-0.07828291119331837,0.018282911193318367,0.04828291119331837,10,0.0,0.0,0.0,0.0,10,-38.2,-78.24266681115233,1.842666811152334,40.04266681115234,10,-1839.7,-1915.5803408453316,-1763.8196591546684,75.88034084533162,10,-1285.65,-1288.5215934661007,-1282.7784065338994,2.8715934661005384,10,-0.5534751948510227,-0.5564011476311164,-0.550549242070929,0.0029259527800936636,10,-0.22244339522052536,-1.4986114107323032,1.0537246202912525,1.2761680155117778,10,,
target_restriction_of_global,random_regular_d2,100,1.0,fixed_005,quadratic_minus_complete,complete,self_masking_gaussian_preserving,10,0.08333333333333334,0.045630713953363246,0.12103595271330345,0.0377026193799701,10,0.0,0.0,0.0,0.0,10,0.04999999999999999,0.027378428372017947,0.07262157162798202,0.02262157162798204,10,0.25000000000000006,0.1368921418600898,0.3631078581399103,0.11310785813991024,10,-0.25000000000000006,-0.3631078581399103,-0.1368921418600898,0.11310785813991024,10,0.0,0.0,0.0,0.0,10,-1017.1,-1190.5613727497698,-843.6386272502302,173.46137274976982,10,-3819.7,-3832.567810648855,-3806.8321893511447,12.867810648855134,10,-2575.5,-2578.1175503412724,-2572.8824496587276,2.617550341272258,10,-0.560607350932877,-0.5616208959069641,-0.5595938059587898,0.0010135449740871388,10,-5.884456169599867,-7.996127255173972,-3.7727850840257613,2.1116710855741054,10,,
target_restriction_of_global,random_regular_d2,100,1.0,n_inverse_half,quadratic_minus_complete,complete,self_masking_gaussian_preserving,10,0.006666666666666687,-0.00841438108532139,0.021747714418654765,0.015081047751988076,10,0.0,0.0,0.0,0.0,10,0.003999999999999981,-0.005048628651192795,0.013048628651192757,0.009048628651192776,10,0.019999999999999997,-0.025243143255964086,0.06524314325596409,0.04524314325596408,10,-0.02,-0.06524314325596409,0.02524314325596409,0.04524314325596409,10,0.0,0.0,0.0,0.0,10,-95.5,-146.4063553648918,-44.59364463510819,50.90635536489181,10,-3631.7,-3793.035160536907,-3470.3648394630927,161.33516053690715,10,-2561.55,-2564.6610944123777,-2558.4389055876227,3.111094412377594,10,-0.5391113860211177,-0.5399245303147633,-0.5382982417274722,0.0008131442936455246,10,0.021639017539868632,-0.8670093195253445,0.9102873546050818,0.8886483370652132,10,,
target_restriction_of_global,small_world_k2,50,1.0,fixed_005,quadratic_minus_complete,complete,self_masking_gaussian_preserving,10,0.056666666666666685,0.014532595482243386,0.09880073785108998,0.0421340711844233,10,0.0,0.0,0.0,0.0,10,0.03533333333333334,0.009401531290854144,0.06126513537581254,0.025931802042479198,10,0.15,0.031972132191220276,0.26802786780877974,0.11802786780877972,10,-0.15,-0.2680278678087797,-0.03197213219122029,0.1180278678087797,10,0.0,0.0,0.0,0.0,10,-179.2,-263.3022317037963,-95.09776829620371,84.10223170379628,10,-1925.8,-1957.6310155662886,-1893.9689844337113,31.831015566288748,10,-1302.9,-1311.5663552880405,-1294.2336447119596,8.666355288040485,10,-0.5724712275147394,-0.5767071613776565,-0.5682352936518223,0.004235933862917088,10,-0.40179425114988165,-1.265905697863218,0.4623171955634545,0.8641114467133362,10,,
target_restriction_of_global,small_world_k2,50,1.0,n_inverse_half,quadratic_minus_complete,complete,self_masking_gaussian_preserving,10,0.0033333333333333435,-0.0042071905426606954,0.010873857209327382,0.007540523875994039,10,0.0,0.0,0.0,0.0,10,0.0019999999999999905,-0.0025243143255963977,0.006524314325596379,0.004524314325596388,10,0.009999999999999998,-0.012621571627982043,0.03262157162798204,0.02262157162798204,10,-0.01,-0.03262157162798204,0.012621571627982045,0.022621571627982045,10,0.0,0.0,0.0,0.0,10,-59.1,-96.61431468893012,-21.58568531106988,37.51431468893012,10,-1919.0,-1954.5173883358268,-1883.4826116641732,35.5173883358269,10,-1289.3,-1293.389300556992,-1285.2106994430078,4.089300556992183,10,-0.5597792568723439,-0.5634580763363751,-0.5561004374083126,0.003678819464031269,10,-0.09024050241981527,-1.0944505921400451,0.9139695873004147,1.00421008972023,10,,
target_restriction_of_global,small_world_k2,100,1.0,fixed_005,quadratic_minus_complete,complete,self_masking_gaussian_preserving,10,0.08033333333333335,0.043175897707035504,0.1174907689596312,0.03715743562629785,10,0.0,0.0,0.0,0.0,10,0.05087301587301589,0.026237436443007404,0.07550859530302437,0.024635579430008485,10,0.22000000000000003,0.1258188869750841,0.31418111302491597,0.09418111302491594,10,-0.25,-0.36310785813991026,-0.13689214186008974,0.11310785813991024,10,0.0,0.0,0.0,0.0,10,-1219.1,-1527.493313073127,-910.7066869268729,308.3933130731271,10,-3999.9,-4117.404712060128,-3882.3952879398717,117.50471206012843,10,-2579.7,-2582.900061875719,-2576.4999381242806,3.2000618757191073,10,-0.5674384982199315,-0.5694514177694421,-0.565425578670421,0.0020129195495106047,10,-7.7073496728701,-9.960250377145641,-5.4544489685945585,2.252900704275541,10,,
target_restriction_of_global,small_world_k2,100,1.0,n_inverse_half,quadratic_minus_complete,complete,self_masking_gaussian_preserving,10,0.011666666666666681,-0.00615089611498504,0.029484229448318404,0.01781756278165172,10,0.0,0.0,0.0,0.0,10,0.007333333333333347,-0.003783080088799454,0.018449746755466147,0.011116413422132801,10,0.029999999999999992,-0.018282911193318367,0.07828291119331834,0.04828291119331836,10,-0.030000000000000006,-0.07828291119331837,0.018282911193318367,0.04828291119331837,10,0.0,0.0,0.0,0.0,10,-192.0,-316.57210180271375,-67.42789819728627,124.57210180271373,10,-3966.1,-4082.025322325323,-3850.174677674677,115.92532232532308,10,-2562.35,-2565.171657586053,-2559.528342413947,2.8216575860527664,10,-0.5459802916101264,-0.5483544003619505,-0.5436061828583023,0.0023741087518241444,10,-1.2775242030300706,-4.755098003866709,2.2000495978065677,3.4775738008366384,10,,
global_whole_skeleton,er_expected_degree_2,50,1.0,fixed_005,logistic_minus_complete,complete,self_masking_logistic_population,10,0.07934858300046935,0.04291237795767457,0.11578478804326411,0.036436205042794774,10,-0.03082389918149513,-0.05235103460981355,-0.009296763753176705,0.021527135428318425,10,0.02513986669290057,0.00016830544827365138,0.050111427937527486,0.02497156124462692,10,0.1,-0.12621571627982048,0.3262157162798205,0.22621571627982048,10,-4.7,-6.667773353842886,-2.7322266461571143,1.9677733538428859,10,1.8,0.45956715563510175,3.1404328443648986,1.3404328443648983,10,-1084.9,-1584.1798835151726,-585.6201164848276,499.2798835151725,10,-2124.2,-2140.9284104683243,-2107.4715895316754,16.728410468324338,10,-1631.2,-1644.7972185117007,-1617.6027814882993,13.597218511700675,10,-0.6312972572316701,-0.6434503592086936,-0.6191441552546465,0.012153101977023583,10,-7.610931983000183,-11.651757105783801,-3.5701068602165646,4.040825122783619,10,,
global_whole_skeleton,er_expected_degree_2,50,1.0,n_inverse_half,logistic_minus_complete,complete,self_masking_logistic_population,10,0.02210198409526807,0.005048404537173128,0.03915556365336301,0.01705357955809494,10,-0.03376322278892217,-0.0597075518009689,-0.00781889377687545,0.025944329012046723,10,-0.006891251194363235,-0.027031362593824534,0.013248860205098065,0.0201401113994613,10,0.1,-0.12621571627982048,0.3262157162798205,0.22621571627982048,10,-1.2,-2.079368639657071,-0.32063136034292905,0.8793686396570709,10,2.0,0.3479539910847158,3.652046008915284,1.6520460089152842,10,-916.5,-1384.8736480999758,-448.1263519000242,468.3736480999758,10,-2124.2,-2140.9284104683243,-2107.4715895316754,16.728410468324338,10,-1620.05,-1640.275232723545,-1599.8247672764548,20.225232723545215,10,-0.6232242684132514,-0.6367528288591914,-0.6096957079673114,0.013528560445939967,10,-9.138597602099708,-13.481197784112048,-4.795997420087368,4.342600182012339,10,,
global_whole_skeleton,er_expected_degree_2,100,1.0,fixed_005,logistic_minus_complete,complete,self_masking_logistic_population,10,0.15281057513193685,0.11533498686169871,0.190286163402175,0.037475588270238135,10,-0.009034001590828022,-0.01574043833451432,-0.0023275648471417203,0.006706436743686301,10,0.08048129474286983,0.055172225264344184,0.10579036422139548,0.025309069478525646,10,0.0,0.0,0.0,0.0,10,-18.9,-22.910679822895723,-14.889320177104274,4.010679822895725,10,1.0,0.24594761240059837,1.7540523875994016,0.7540523875994016,10,-2926.8,-3903.0072294133206,-1950.5927705866795,976.2072294133206,10,-4255.5,-4265.867877572741,-4245.132122427259,10.367877572741005,10,-3168.1,-3318.6030575031477,-3017.596942496852,150.5030575031477,10,-0.6082702429970256,-0.6231741308375383,-0.5933663551565129,0.014903887840512666,10,-24.39431041150001,-34.89668883957543,-13.891931983424586,10.502378428075422,10,,
global_whole_skeleton,er_expected_degree_2,100,1.0,n_inverse_half,logistic_minus_complete,complete,self_masking_logistic_population,10,0.04713843792997581,0.023092792724830554,0.07118408313512106,0.024045645205145256,10,-0.011733450004300016,-0.01890041086669182,-0.0045664891419082134,0.007166960862391803,10,0.01863264446857884,0.0030561589104637858,0.034209130026693894,0.015576485558115053,10,0.1,-0.12621571627982048,0.3262157162798205,0.22621571627982048,10,-5.0,-7.3363458714723375,-2.663654128527662,2.336345871472338,10,1.3,0.4705423736406583,2.1294576263593417,0.8294576263593417,10,-1676.5,-2576.3673184032095,-776.6326815967903,899.8673184032097,10,-4255.5,-4265.867877572741,-4245.132122427259,10.367877572741005,10,-2963.4,-3195.017154856679,-2731.782845143321,231.61715485667884,10,-0.5952213704695664,-0.611363631449599,-0.5790791094895337,0.016142260980032654,10,-13.238961614899472,-20.114460440469458,-6.363462789329485,6.875498825569987,10,,
global_whole_skeleton,random_regular_d2,50,1.0,fixed_005,logistic_minus_complete,complete,self_masking_logistic_population,10,0.05389936122737714,0.02469963413796639,0.08309908831678789,0.029199727089410748,10,0.0,0.0,0.0,0.0,10,0.02838398717438857,0.012597745813898754,0.044170228534878384,0.015786241360489815,10,0.5,0.12297380620029918,0.8770261937997008,0.3770261937997008,10,-3.0,-4.719504003156335,-1.2804959968436647,1.7195040031563353,10,0.0,0.0,0.0,0.0,10,-113.8,-220.8041520480965,-6.7958479519034825,107.00415204809651,10,-1920.9,-1964.2149771586617,-1877.5850228413385,43.3149771586616,10,-1304.5,-1311.938030237615,-1297.061969762385,7.4380302376150675,10,-0.5710604152062083,-0.5748282296433018,-0.5672926007691148,0.003767814437093493,10,-1.060175846100128,-2.1889137084981742,0.06856201629791792,1.128737862398046,10,,
global_whole_skeleton,random_regular_d2,50,1.0,n_inverse_half,logistic_minus_complete,complete,self_masking_logistic_population,10,0.013214345567286723,-0.0008292723229106,0.027257963457484047,0.014043617890197323,10,0.0,0.0,0.0,0.0,10,0.006797037169780329,-0.0004913170329862776,0.014085391372546937,0.007288354202766607,10,0.3,-0.045550214413643764,0.6455502144136438,0.34555021441364375,10,-0.7,-1.4578132707183227,0.05781327071832265,0.7578132707183226,10,0.0,0.0,0.0,0.0,10,-31.0,-81.42237298567792,19.422372985677924,50.422372985677924,10,-1857.7,-1932.4022388271694,-1782.9977611728307,74.70223882716944,10,-1292.6,-1297.9127258503568,-1287.287274149643,5.312725850356852,10,-0.5566125953785968,-0.560354833310812,-0.5528703574463815,0.0037422379322153273,10,-0.5769971496002657,-1.6332486735729783,0.4792543743724469,1.0562515239727126,10,,
global_whole_skeleton,random_regular_d2,100,1.0,fixed_005,logistic_minus_complete,complete,self_masking_logistic_population,10,0.1161747827966082,0.10500758430056961,0.1273419812926468,0.011167198496038583,10,-0.0010000000000000009,-0.003262157162798208,0.0012621571627982062,0.002262157162798207,10,0.061734736070021536,0.05547501193576153,0.06799446020428154,0.0062597241342600045,10,0.2,-0.10162095503976065,0.5016209550397607,0.30162095503976066,10,-13.4,-14.838640264906228,-11.961359735093772,1.4386402649062289,10,0.1,-0.12621571627982048,0.3262157162798205,0.22621571627982048,10,-969.2,-1152.700720721562,-785.699279278438,183.50072072156203,10,-3902.6,-3930.921067341762,-3874.278932658238,28.321067341762053,10,-2577.4,-2581.203295529214,-2573.5967044707863,3.8032955292136412,10,-0.5615272687736831,-0.5624232089352972,-0.560631328612069,0.0008959401616141362,10,-6.996304004899912,-9.640805596489754,-4.35180241331007,2.644501591589842,10,,
global_whole_skeleton,random_regular_d2,100,1.0,n_inverse_half,logistic_minus_complete,complete,self_masking_logistic_population,10,0.0146105101658081,0.00460216419562102,0.024618856135995182,0.01000834597018708,10,0.0,0.0,0.0,0.0,10,0.0073938685759248005,0.0023348234205983597,0.012452913731251241,0.005059045155326441,10,0.4,-0.10018176838777082,0.9001817683877709,0.5001817683877708,10,-1.5,-2.5256221311974807,-0.4743778688025191,1.025622131197481,10,0.0,0.0,0.0,0.0,10,-71.5,-112.66635734941394,-30.333642650586057,41.16635734941394,10,-3841.8,-3924.6372452062124,-3758.962754793788,82.83724520621195,10,-2561.6,-2564.730906874363,-2558.469093125637,3.1309068743628794,10,-0.5397456767567039,-0.5407704015041022,-0.5387209520093057,0.0010247247473982436,10,0.2910513455000448,-1.7913982650634825,2.3735009560635723,2.0824496105635273,10,,
global_whole_skeleton,small_world_k2,50,1.0,fixed_005,logistic_minus_complete,complete,self_masking_logistic_population,10,0.06613867388007227,0.04924114047366933,0.08303620728647522,0.016897533406402942,10,0.0,0.0,0.0,0.0,10,0.034470413488530506,0.02545501773943941,0.0434858092376216,0.009015395749091097,10,0.8,0.4983790449602394,1.1016209550397607,0.30162095503976066,10,-3.6,-4.565658223866368,-2.6343417761336325,0.9656582238663676,10,0.0,0.0,0.0,0.0,10,-165.1,-268.8853611836022,-61.31463881639779,103.7853611836022,10,-1952.9,-1965.3929437059705,-1940.4070562940296,12.492943705970335,10,-1308.9,-1315.6144543938615,-1302.1855456061387,6.714454393861437,10,-0.5756487768265135,-0.5789158904610544,-0.5723816631919726,0.003267113634540862,10,-0.465636534500163,-1.1545440508596223,0.22327098185929622,0.6889075163594592,10,,
global_whole_skeleton,small_world_k2,50,1.0,n_inverse_half,logistic_minus_complete,complete,self_masking_logistic_population,10,0.00588235294117645,-0.0035848845477094715,0.015349590430062371,0.009467237488885921,10,0.0,0.0,0.0,0.0,10,0.0029702970297030063,-0.0018101892270612472,0.00775078328646726,0.0047804862567642535,10,0.3,-0.1828291119331838,0.7828291119331838,0.4828291119331838,10,-0.3,-0.7828291119331838,0.1828291119331838,0.4828291119331838,10,0.0,0.0,0.0,0.0,10,-55.5,-107.96302891041273,-3.0369710895872615,52.46302891041274,10,-1937.5,-1957.6777712365147,-1917.3222287634853,20.177771236514765,10,-1295.0,-1300.136419779432,-1289.863580220568,5.136419779431799,10,-0.5624514022237079,-0.5661905323242077,-0.5587122721232082,0.0037391301004997797,10,-0.5589692006996758,-1.6460411964935864,0.5281027950942347,1.0870719957939106,10,,
global_whole_skeleton,small_world_k2,100,1.0,fixed_005,logistic_minus_complete,complete,self_masking_logistic_population,10,0.13017781786332205,0.11115819292713337,0.14919744279951075,0.01901962493618868,10,0.0,0.0,0.0,0.0,10,0.07055905637150496,0.059632549615905424,0.0814855631271045,0.010926506755599539,10,0.3,-0.045550214413643764,0.6455502144136438,0.34555021441364375,10,-15.4,-17.950436597352592,-12.84956340264741,2.55043659735259,10,0.0,0.0,0.0,0.0,10,-1347.5,-1554.0121526934722,-1140.9878473065278,206.51215269347213,10,-4062.1,-4163.147774858287,-3961.0522251417124,101.0477748582876,10,-2581.25,-2586.860600758129,-2575.639399241871,5.610600758128827,10,-0.5664444735623098,-0.5694821963178175,-0.563406750806802,0.0030377227555077398,10,-7.825264442499884,-9.647733619486953,-6.002795265512815,1.8224691769870687,10,,
global_whole_skeleton,small_world_k2,100,1.0,n_inverse_half,logistic_minus_complete,complete,self_masking_logistic_population,10,0.02593674342236686,0.013519624080110941,0.03835386276462278,0.012417119342255917,10,0.0,0.0,0.0,0.0,10,0.013228474588664541,0.006857982769456991,0.019598966407872093,0.006370491819207551,10,0.7,0.3544497855863562,1.0455502144136437,0.34555021441364375,10,-2.7,-4.008231997684478,-1.3917680023155228,1.3082319976844774,10,0.0,0.0,0.0,0.0,10,-233.8,-314.2286571385491,-153.3713428614509,80.4286571385491,10,-4058.9,-4162.569698981302,-3955.230301018698,103.6696989813024,10,-2563.2,-2567.67121910826,-2558.7287808917395,4.471219108260255,10,-0.5457913815204924,-0.5486704518081182,-0.5429123112328667,0.002879070287625778,10,-2.173194827400039,-4.714264505771717,0.3678748509716385,2.5410696783716777,10,,
target_restriction_of_global,er_expected_degree_2,50,1.0,fixed_005,logistic_minus_complete,complete,self_masking_logistic_population,10,0.05000000000000001,0.014342720175580317,0.0856572798244197,0.03565727982441969,10,-0.03402380952380957,-0.05741504467371095,-0.010632574373908191,0.023391235149901376,10,0.013682539682539695,-0.014823073451442365,0.04218815281652176,0.02850561313398206,10,0.009999999999999976,-0.08204382406408887,0.10204382406408884,0.09204382406408886,10,-0.12000000000000002,-0.21418111302491594,-0.02581888697508411,0.09418111302491591,10,0.13,0.04046123998096998,0.21953876001903003,0.08953876001903002,10,-1084.9,-1584.1798835151726,-585.6201164848276,499.2798835151725,10,-2124.2,-2140.9284104683243,-2107.4715895316754,16.728410468324338,10,-1631.2,-1644.7972185117007,-1617.6027814882993,13.597218511700675,10,-0.6312972572316701,-0.6434503592086936,-0.6191441552546465,0.012153101977023583,10,-7.6109327672698415,-11.651756411201355,-3.5701091233383293,4.040823643931512,10,,
target_restriction_of_global,er_expected_degree_2,50,1.0,n_inverse_half,logistic_minus_complete,complete,self_masking_logistic_population,10,0.012500000000000011,-0.006816844226713387,0.03181684422671341,0.019316844226713398,10,-0.03711904761904764,-0.06778313518084028,-0.0064549600572550055,0.030664087561792636,10,-0.014028749028749043,-0.03804531588072103,0.009987817823222939,0.024016566851971982,10,-0.07000000000000002,-0.1529457626359342,0.012945762635934166,0.08294576263593419,10,-0.02,-0.06524314325596409,0.02524314325596409,0.04524314325596409,10,0.13999999999999999,0.02221325168270269,0.2577867483172973,0.1177867483172973,10,-916.5,-1384.8736480999758,-448.1263519000242,468.3736480999758,10,-2124.2,-2140.9284104683243,-2107.4715895316754,16.728410468324338,10,-1620.05,-1640.275232723545,-1599.8247672764548,20.225232723545215,10,-0.6232242684132514,-0.6367528288591914,-0.6096957079673114,0.013528560445939967,10,-9.138597731559932,-13.481198053968306,-4.795997409151558,4.342600322408374,10,,
target_restriction_of_global,er_expected_degree_2,100,1.0,fixed_005,logistic_minus_complete,complete,self_masking_logistic_population,10,0.1023333333333333,0.03599100605694942,0.16867566060971717,0.06634232727638388,10,-0.005357142857142849,-0.011870747897728164,0.0011564621834424648,0.006513605040585314,10,0.06624725274725277,0.02192759083182235,0.11056691466268317,0.044319661915430415,10,0.19,0.030219163709562208,0.34978083629043777,0.1597808362904378,10,-0.29000000000000004,-0.473003403495926,-0.10699659650407406,0.18300340349592598,10,0.04,-0.010018176838777072,0.09001817683877708,0.05001817683877707,10,-2926.8,-3903.0072294133206,-1950.5927705866795,976.2072294133206,10,-4255.5,-4265.867877572741,-4245.132122427259,10.367877572741005,10,-3168.1,-3318.6030575031477,-3017.596942496852,150.5030575031477,10,-0.6082702429970256,-0.6231741308375383,-0.5933663551565129,0.014903887840512685,10,-24.39431327699996,-34.89669198051726,-13.891934573482654,10.502378703517305,10,,
target_restriction_of_global,er_expected_degree_2,100,1.0,n_inverse_half,logistic_minus_complete,complete,self_masking_logistic_population,10,0.030833333333333345,0.004463951352503517,0.05720271531416317,0.026369381980829828,10,-0.005357142857142849,-0.011870747897728164,0.0011564621834424648,0.006513605040585314,10,0.017128205128205166,-0.0007774225811862934,0.035033832837596625,0.01790562770939146,10,0.039999999999999994,-0.029110042882728754,0.10911004288272874,0.06911004288272875,10,-0.06999999999999999,-0.12889337415864865,-0.011106625841351345,0.05889337415864865,10,0.04,-0.010018176838777093,0.0900181768387771,0.050018176838777094,10,-1676.5,-2576.3673184032095,-776.6326815967903,899.8673184032097,10,-4255.5,-4265.867877572741,-4245.132122427259,10.367877572741005,10,-2963.4,-3195.017154856679,-2731.782845143321,231.61715485667884,10,-0.5952213704695664,-0.611363631449599,-0.5790791094895337,0.016142260980032644,10,-13.238961307169722,-20.11445963488843,-6.363462979451016,6.875498327718707,10,,
target_restriction_of_global,random_regular_d2,50,1.0,fixed_005,logistic_minus_complete,complete,self_masking_logistic_population,10,0.02666666666666666,-0.0004046425362402954,0.053737975869573615,0.027071309202906957,10,0.0,0.0,0.0,0.0,10,0.016000000000000014,-0.0002427855217441606,0.032242785521744186,0.016242785521744175,10,0.07999999999999999,-0.0012139276087208828,0.16121392760872086,0.08121392760872087,10,-0.08,-0.16121392760872089,0.0012139276087208828,0.08121392760872088,10,0.0,0.0,0.0,0.0,10,-113.8,-220.8041520480965,-6.7958479519034825,107.00415204809651,10,-1920.9,-1964.2149771586617,-1877.5850228413385,43.3149771586616,10,-1304.5,-1311.938030237615,-1297.061969762385,7.4380302376150675,10,-0.5710604152062083,-0.5748282296433018,-0.5672926007691148,0.0037678144370935046,10,-1.0601789129798045,-2.1889155313947937,0.06855770543518469,1.1287366184149892,10,,
target_restriction_of_global,random_regular_d2,50,1.0,n_inverse_half,logistic_minus_complete,complete,self_masking_logistic_population,10,0.006666666666666665,-0.008414381085321363,0.021747714418654692,0.015081047751988028,10,0.0,0.0,0.0,0.0,10,0.0040000000000000036,-0.005048628651192825,0.013048628651192832,0.009048628651192828,10,0.019999999999999997,-0.025243143255964086,0.06524314325596409,0.04524314325596408,10,-0.02,-0.06524314325596409,0.02524314325596409,0.04524314325596409,10,0.0,0.0,0.0,0.0,10,-31.0,-81.42237298567792,19.422372985677924,50.422372985677924,10,-1857.7,-1932.4022388271694,-1782.9977611728307,74.70223882716944,10,-1292.6,-1297.9127258503568,-1287.287274149643,5.312725850356852,10,-0.5566125953785968,-0.5603548333108122,-0.5528703574463814,0.0037422379322153525,10,-0.5769959778702926,-1.6332490420327983,0.4792570862922131,1.0562530641625056,10,,
target_restriction_of_global,random_regular_d2,100,1.0,fixed_005,logistic_minus_complete,complete,self_masking_logistic_population,10,0.07666666666666663,0.041031541103363205,0.11230179222997005,0.03563512556330343,10,0.0,0.0,0.0,0.0,10,0.04600000000000003,0.024618924662018003,0.06738107533798204,0.021381075337982024,10,0.22999999999999998,0.12309462331008975,0.3369053766899102,0.10690537668991024,10,-0.22999999999999998,-0.3369053766899102,-0.12309462331008975,0.10690537668991024,10,0.0,0.0,0.0,0.0,10,-969.2,-1152.700720721562,-785.699279278438,183.50072072156203,10,-3902.6,-3930.921067341762,-3874.278932658238,28.321067341762053,10,-2577.4,-2581.203295529214,-2573.5967044707863,3.8032955292136412,10,-0.5615272687736831,-0.5624232089352973,-0.5606313286120689,0.0008959401616141519,10,-6.996304718499812,-9.64080599933444,-4.351803437665184,2.6445012808346275,10,,
target_restriction_of_global,random_regular_d2,100,1.0,n_inverse_half,logistic_minus_complete,complete,self_masking_logistic_population,10,0.006666666666666687,-0.00841438108532139,0.021747714418654765,0.015081047751988076,10,0.0,0.0,0.0,0.0,10,0.003999999999999981,-0.005048628651192795,0.013048628651192757,0.009048628651192776,10,0.019999999999999997,-0.025243143255964086,0.06524314325596409,0.04524314325596408,10,-0.02,-0.06524314325596409,0.02524314325596409,0.04524314325596409,10,0.0,0.0,0.0,0.0,10,-71.5,-112.66635734941394,-30.333642650586057,41.16635734941394,10,-3841.8,-3924.6372452062124,-3758.962754793788,82.83724520621195,10,-2561.6,-2564.730906874363,-2558.469093125637,3.1309068743628794,10,-0.5397456767567039,-0.5407704015041022,-0.5387209520093057,0.0010247247473982436,10,0.2910504934800745,-1.791398662337194,2.373499649297343,2.0824491558172684,10,,
target_restriction_of_global,small_world_k2,50,1.0,fixed_005,logistic_minus_complete,complete,self_masking_logistic_population,10,0.07000000000000003,0.043758206498954816,0.09624179350104525,0.02624179350104522,10,0.0,0.0,0.0,0.0,10,0.04333333333333332,0.02692799980419316,0.05973866686247348,0.01640533352914016,10,0.19,0.1188628400280501,0.2611371599719499,0.0711371599719499,10,-0.19,-0.26113715997194986,-0.11886284002805012,0.07113715997194989,10,0.0,0.0,0.0,0.0,10,-165.1,-268.8853611836022,-61.31463881639779,103.7853611836022,10,-1952.9,-1965.3929437059705,-1940.4070562940296,12.492943705970335,10,-1308.9,-1315.6144543938615,-1302.1855456061387,6.714454393861437,10,-0.5756487768265135,-0.5789158904610543,-0.5723816631919727,0.0032671136345408494,10,-0.4656358031800393,-1.1545443926843024,0.22327278632422387,0.6889085895042631,10,,
target_restriction_of_global,small_world_k2,50,1.0,n_inverse_half,logistic_minus_complete,complete,self_masking_logistic_population,10,0.0033333333333333435,-0.0042071905426606954,0.010873857209327382,0.007540523875994039,10,0.0,0.0,0.0,0.0,10,0.0019999999999999905,-0.0025243143255963977,0.006524314325596379,0.004524314325596388,10,0.009999999999999998,-0.012621571627982043,0.03262157162798204,0.02262157162798204,10,-0.01,-0.03262157162798204,0.012621571627982045,0.022621571627982045,10,0.0,0.0,0.0,0.0,10,-55.5,-107.96302891041273,-3.0369710895872615,52.46302891041274,10,-1937.5,-1957.6777712365147,-1917.3222287634853,20.177771236514765,10,-1295.0,-1300.136419779432,-1289.863580220568,5.136419779431799,10,-0.5624514022237078,-0.5661905323242076,-0.5587122721232081,0.003739130100499755,10,-0.5589701390598568,-1.64604307785915,0.5281027997394362,1.087072938799293,10,,
target_restriction_of_global,small_world_k2,100,1.0,fixed_005,logistic_minus_complete,complete,self_masking_logistic_population,10,0.07700000000000001,0.038408033929783744,0.11559196607021628,0.03859196607021627,10,0.0,0.0,0.0,0.0,10,0.0488730158730159,0.023336560285925758,0.07440947146010604,0.025536455587090143,10,0.21000000000000002,0.11197318961207782,0.30802681038792223,0.0980268103879222,10,-0.24000000000000005,-0.35778674831729734,-0.12221325168270274,0.11778674831729731,10,0.0,0.0,0.0,0.0,10,-1347.5,-1554.0121526934722,-1140.9878473065278,206.51215269347213,10,-4062.1,-4163.147774858287,-3961.0522251417124,101.0477748582876,10,-2581.25,-2586.860600758129,-2575.639399241871,5.610600758128827,10,-0.5664444735623098,-0.5694821963178175,-0.563406750806802,0.003037722755507756,10,-7.825262207509911,-9.647730853470593,-6.002793561549229,1.8224686459606816,10,,
target_restriction_of_global,small_world_k2,100,1.0,n_inverse_half,logistic_minus_complete,complete,self_masking_logistic_population,10,0.011666666666666681,-0.00615089611498504,0.029484229448318404,0.01781756278165172,10,0.0,0.0,0.0,0.0,10,0.007333333333333347,-0.003783080088799454,0.018449746755466147,0.011116413422132801,10,0.029999999999999992,-0.018282911193318367,0.07828291119331834,0.04828291119331836,10,-0.030000000000000006,-0.07828291119331837,0.018282911193318367,0.04828291119331837,10,0.0,0.0,0.0,0.0,10,-233.8,-314.2286571385491,-153.3713428614509,80.4286571385491,10,-4058.9,-4162.569698981302,-3955.230301018698,103.6696989813024,10,-2563.2,-2567.67121910826,-2558.7287808917395,4.471219108260255,10,-0.5457913815204924,-0.5486704518081182,-0.5429123112328667,0.002879070287625776,10,-2.173196804240056,-4.714265011386246,0.3678714029061343,2.54106820714619,10,,
global_whole_skeleton,er_expected_degree_2,50,1.0,,fixed_005_minus_n_inverse_half,n_inverse_half,fixed_005,10,-0.06059315975176212,-0.08438095066580772,-0.03680536883771651,0.023787790914045606,10,0.0032625994694960416,-0.0016676923510844923,0.008192891290076575,0.004930291820580534,10,-0.030286687458571937,-0.04356053159843551,-0.017012843318708365,0.013273844139863574,10,0.0,0.0,0.0,0.0,10,3.7,2.3075528875166347,5.092447112483366,1.3924471124833653,10,-0.2,-0.5016209550397607,0.10162095503976065,0.30162095503976066,10,755.1,567.7276313730442,942.4723686269558,187.37236862695573,10,0.0,0.0,0.0,0.0,10,0.0,0.0,0.0,0.0,10,0.0,0.0,0.0,0.0,10,2.854120245200284,-2.5424834674740096,8.250723957874577,5.396603712674294,10,complete,0.0
global_whole_skeleton,er_expected_degree_2,50,1.0,,fixed_005_minus_n_inverse_half,n_inverse_half,fixed_005,10,-0.003859937821663717,-0.011930261888979526,0.004210386245652092,0.00807032406731581,10,0.004919143356643385,-0.0007709592147318875,0.010609245928018658,0.0056901025713752724,10,0.0007579444481580655,-0.004623454510330629,0.00613934340664676,0.005381398958488695,10,0.0,0.0,0.0,0.0,10,0.2,-0.25243143255964096,0.652431432559641,0.45243143255964097,10,-0.3,-0.6455502144136438,0.045550214413643764,0.34555021441364375,10,523.5,398.6264430044345,648.3735569955654,124.87355699556547,10,0.0,0.0,0.0,0.0,10,-5.3,-8.83762293375203,-1.7623770662479696,3.53762293375203,10,-0.007067830837639627,-0.00920450725224885,-0.004931154423030404,0.0021366764146092225,10,1.8565334298997638,-4.084131797157516,7.797198656957043,5.94066522705728,10,self_masking_gaussian_preserving,0.3
global_whole_skeleton,er_expected_degree_2,50,1.0,,fixed_005_minus_n_inverse_half,n_inverse_half,fixed_005,10,-0.003346560846560831,-0.00857167286725827,0.001878551174136607,0.005225112020697438,10,0.006201923076923088,-0.001580894070659312,0.01398474022450549,0.0077828171475824,10,0.0017444304286918678,-0.0033898671504249862,0.006878728007808721,0.005134297579116854,10,0.0,0.0,0.0,0.0,10,0.2,-0.10162095503976065,0.5016209550397607,0.30162095503976066,10,-0.4,-0.9001817683877709,0.10018176838777082,0.5001817683877708,10,586.7,426.6979545442456,746.7020454557545,160.00204545575446,10,0.0,0.0,0.0,0.0,10,-11.15,-18.453124864866336,-3.846875135133666,7.3031248648663345,10,-0.008072988818418753,-0.01022813994768728,-0.005917837689150225,0.002155151129268528,10,4.381785864299809,0.8523599460416134,7.911211782558006,3.529425918258196,10,self_masking_logistic_population,0.3
global_whole_skeleton,er_expected_degree_2,100,1.0,,fixed_005_minus_n_inverse_half,n_inverse_half,fixed_005,10,-0.11400800533106178,-0.1445134858277468,-0.08350252483437676,0.030505480496685024,10,0.0008064516129032362,-0.0010178686796759842,0.002630771905482457,0.0018243202925792206,10,-0.06431492241012501,-0.08342144593485469,-0.04520839888539534,0.019106523524729673,10,0.0,0.0,0.0,0.0,10,14.7,11.08290572079567,18.317094279204326,3.617094279204329,10,-0.1,-0.3262157162798205,0.12621571627982048,0.22621571627982048,10,3620.2,3016.834739561152,4223.565260438848,603.3652604388477,10,0.0,0.0,0.0,0.0,10,0.0,0.0,0.0,0.0,10,0.0,0.0,0.0,0.0,10,28.172510055900375,11.97235460086413,44.37266551093662,16.200155455036246,10,complete,0.0
global_whole_skeleton,er_expected_degree_2,100,1.0,,fixed_005_minus_n_inverse_half,n_inverse_half,fixed_005,10,-0.009108781814220368,-0.015621824395471128,-0.0025957392329696077,0.00651304258125076,10,0.004361693222867491,-3.5976835544183385e-05,0.008759363281279166,0.004397670058411674,10,-0.0023580061287465704,-0.006709931475100106,0.0019939192176069644,0.004351925346353535,10,-0.2,-0.5016209550397607,0.10162095503976065,0.30162095503976066,10,0.9,0.27363704432764613,1.526362955672354,0.6263629556723539,10,-0.5,-1.0058337191804845,0.005833719180484476,0.5058337191804845,10,2263.7,1837.7805258079334,2689.6194741920663,425.91947419206633,10,-1.9,-6.198098609316588,2.398098609316589,4.298098609316589,10,-201.1,-415.21063604391213,13.010636043912172,214.11063604391217,10,-0.01237649052091524,-0.014901702941445953,-0.009851278100384527,0.0025252124205307138,10,18.85456416070001,7.136634254079313,30.57249406732071,11.717929906620698,10,self_masking_gaussian_preserving,0.3
global_whole_skeleton,er_expected_degree_2,100,1.0,,fixed_005_minus_n_inverse_half,n_inverse_half,fixed_005,10,-0.008335868129100765,-0.017125896114372617,0.000454159856171088,0.008790027985271853,10,0.0035059000263752303,-0.0007451758370984355,0.007756975889848896,0.004251075863473666,10,-0.0024662721358340357,-0.007703251854771543,0.002770707583103472,0.005236979718937508,10,-0.1,-0.3262157162798205,0.12621571627982048,0.22621571627982048,10,0.8,-0.07936863965707064,1.6793686396570706,0.8793686396570707,10,-0.4,-0.9001817683877709,0.10018176838777082,0.5001817683877708,10,2369.9,1832.1495659429343,2907.650434057066,537.7504340570658,10,0.0,0.0,0.0,0.0,10,-204.7,-400.54732241163595,-8.852677588364003,195.847322411636,10,-0.013048872527459348,-0.015030166960288308,-0.011067578094630388,0.001981294432828959,10,17.017161259299836,6.230052367678947,27.804270150920726,10.787108891620889,10,self_masking_logistic_population,0.3
global_whole_skeleton,random_regular_d2,50,1.0,,fixed_005_minus_n_inverse_half,n_inverse_half,fixed_005,10,-0.04068501566009042,-0.06312499718344615,-0.018245034136734686,0.02243998152335573,10,0.0,0.0,0.0,0.0,10,-0.02158695000460824,-0.033648884878129726,-0.009525015131086756,0.012061934873521486,10,-0.2,-0.5016209550397607,0.10162095503976065,0.30162095503976066,10,2.3,0.9917680023155224,3.608231997684477,1.3082319976844774,10,0.0,0.0,0.0,0.0,10,374.7,314.542827164177,434.85717283582295,60.15717283582295,10,0.0,0.0,0.0,0.0,10,0.0,0.0,0.0,0.0,10,0.0,0.0,0.0,0.0,10,2.357689252699629,0.5093525207231331,4.206025984676125,1.8483367319764958,10,complete,0.0
global_whole_skeleton,random_regular_d2,50,1.0,,fixed_005_minus_n_inverse_half,n_inverse_half,fixed_005,10,-0.0019607843137254832,-0.006396386593721947,0.0024748179662709806,0.004435602279996464,10,0.0,0.0,0.0,0.0,10,-0.000990099009901002,-0.003229858577027965,0.001249660557225961,0.002239759567126963,10,-0.1,-0.3262157162798205,0.12621571627982048,0.22621571627982048,10,0.1,-0.12621571627982048,0.3262157162798205,0.22621571627982048,10,0.0,0.0,0.0,0.0,10,274.3,245.89503572342016,302.70496427657986,28.404964276579836,10,-65.2,-129.16284657943487,-1.2371534205651287,63.962846579434874,10,-10.25,-13.53359296335906,-6.966407036640939,3.283592963359061,10,-0.013950163085385598,-0.014948889376779795,-0.0129514367939914,0.000998726291394198,10,1.7633892949999335,0.022975616958443412,3.5038029730414237,1.74041367804149,10,self_masking_gaussian_preserving,0.3
global_whole_skeleton,random_regular_d2,50,1.0,,fixed_005_minus_n_inverse_half,n_inverse_half,fixed_005,10,0.0,0.0,0.0,0.0,10,0.0,0.0,0.0,0.0,10,0.0,0.0,0.0,0.0,10,0.0,0.0,0.0,0.0,10,0.0,0.0,0.0,0.0,10,0.0,0.0,0.0,0.0,10,291.9,250.23364141833406,333.5663585816659,41.66635858166593,10,-63.2,-133.9892558146577,7.58925581465769,70.7892558146577,10,-11.9,-15.25023362827783,-8.549766371722171,3.3502336282778296,10,-0.01444781982761158,-0.016247840027967243,-0.01264779962725592,0.001800020200355661,10,1.8745105561997661,0.7263818528015396,3.0226392595979927,1.1481287033982266,10,self_masking_logistic_population,0.3
global_whole_skeleton,random_regular_d2,100,1.0,,fixed_005_minus_n_inverse_half,n_inverse_half,fixed_005,10,-0.10748545298412959,-0.1209260623683066,-0.09404484359995259,0.013440609384177007,10,0.0010000000000000009,-0.0012621571627982062,0.003262157162798208,0.002262157162798207,10,-0.05732101625524151,-0.06501694721074767,-0.04962508529973534,0.007695930955506168,10,-0.3,-0.6455502144136438,0.045550214413643764,0.34555021441364375,10,12.5,10.873972089696409,14.126027910303591,1.6260279103035917,10,-0.1,-0.3262157162798205,0.12621571627982048,0.22621571627982048,10,2296.2,2154.794045329436,2437.6059546705637,141.4059546705639,10,0.0,0.0,0.0,0.0,10,0.0,0.0,0.0,0.0,10,0.0,0.0,0.0,0.0,10,15.669678835899868,10.450199833011059,20.889157838788677,5.219479002888809,10,complete,0.0
global_whole_skeleton,random_regular_d2,100,1.0,,fixed_005_minus_n_inverse_half,n_inverse_half,fixed_005,10,-0.003940982333527488,-0.0075807862037304136,-0.0003011784633245615,0.0036398038702029263,10,0.0,0.0,0.0,0.0,10,-0.001985123885522888,-0.0038184572788133495,-0.00015179049223242687,0.0018333333932904613,10,-0.3,-0.6455502144136438,0.045550214413643764,0.34555021441364375,10,0.4,0.030591282210820137,0.76940871778918,0.3694087177891799,10,0.0,0.0,0.0,0.0,10,1374.6,1269.7329175453583,1479.4670824546415,104.86708245464166,10,-188.0,-347.0700275896703,-28.92997241032967,159.07002758967033,10,-13.95,-15.535752629462795,-12.364247370537203,1.5857526294627966,10,-0.021495964911759174,-0.02298174420851664,-0.02001018561500171,0.0014857792967574639,10,9.763582489300234,4.208297303136385,15.318867675464082,5.555285186163848,10,self_masking_gaussian_preserving,0.3
global_whole_skeleton,random_regular_d2,100,1.0,,fixed_005_minus_n_inverse_half,n_inverse_half,fixed_005,10,-0.005921180353329491,-0.009566984680068547,-0.0022753760265904364,0.003645804326739055,10,0.0,0.0,0.0,0.0,10,-0.002980148761144774,-0.0048150016455317125,-0.0011452958767578362,0.001834852884386938,10,-0.5,-0.8770261937997008,-0.12297380620029918,0.3770261937997008,10,0.6,0.2305912822108201,0.9694087177891799,0.3694087177891799,10,0.0,0.0,0.0,0.0,10,1398.5,1338.4268179938713,1458.5731820061287,60.07318200612861,10,-60.8,-167.6004409086575,46.00044090865751,106.8004409086575,10,-15.8,-16.855673342639165,-14.744326657360839,1.0556733426391622,10,-0.021781592016979205,-0.02280141081488059,-0.02076177321907782,0.001019818797901385,10,8.38232348549991,2.3894557003741985,14.37519127062562,5.9928677851257115,10,self_masking_logistic_population,0.3
global_whole_skeleton,small_world_k2,50,1.0,,fixed_005_minus_n_inverse_half,n_inverse_half,fixed_005,10,-0.06221710525262131,-0.07803904983402676,-0.046395160671215845,0.015821944581405463,10,0.0,0.0,0.0,0.0,10,-0.0324902154687285,-0.04093368588029688,-0.024046745057160125,0.008443470411568376,10,-0.6,-0.9694087177891799,-0.23059128221082004,0.36940871778917994,10,3.4,2.495137134880718,4.304862865119282,0.9048628651192819,10,0.0,0.0,0.0,0.0,10,402.3,327.90360783928253,476.6963921607175,74.39639216071747,10,0.0,0.0,0.0,0.0,10,0.0,0.0,0.0,0.0,10,0.0,0.0,0.0,0.0,10,2.070936453100239,0.36045064752772404,3.7814222586727544,1.7104858055725152,10,complete,0.0
global_whole_skeleton,small_world_k2,50,1.0,,fixed_005_minus_n_inverse_half,n_inverse_half,fixed_005,10,-0.0076923076923076875,-0.017312028304832007,0.0019274129202166302,0.009619720612524318,10,0.0,0.0,0.0,0.0,10,-0.0039215686274509665,-0.008825420706285947,0.000982283451384014,0.00490385207883498,10,-0.2,-0.5016209550397607,0.10162095503976065,0.30162095503976066,10,0.4,-0.10018176838777082,0.9001817683877709,0.5001817683877708,10,0.0,0.0,0.0,0.0,10,282.2,229.00236559443934,335.39763440556067,53.19763440556065,10,-6.8,-18.910935844802193,5.310935844802192,12.110935844802192,10,-13.6,-20.0267208618136,-7.173279138186397,6.426720861813602,10,-0.0126919706423956,-0.014545334871399153,-0.010838606413392049,0.0018533642290035515,10,1.759382465100316,-0.24663930070596862,3.7654042309066007,2.0060217658062847,10,self_masking_gaussian_preserving,0.3
global_whole_skeleton,small_world_k2,50,1.0,,fixed_005_minus_n_inverse_half,n_inverse_half,fixed_005,10,-0.0019607843137254832,-0.006396386593721947,0.0024748179662709806,0.004435602279996464,10,0.0,0.0,0.0,0.0,10,-0.000990099009901002,-0.003229858577027965,0.001249660557225961,0.002239759567126963,10,-0.1,-0.3262157162798205,0.12621571627982048,0.22621571627982048,10,0.1,-0.12621571627982048,0.3262157162798205,0.22621571627982048,10,0.0,0.0,0.0,0.0,10,292.7,266.3447094132252,319.0552905867748,26.355290586774803,10,-15.4,-35.08408948899683,4.284089488996829,19.68408948899683,10,-13.9,-17.980949355851806,-9.819050644148197,4.0809493558518035,10,-0.0131973746028056,-0.014265215894461688,-0.012129533311149512,0.0010678412916560877,10,2.164269119299752,0.3962865656951773,3.9322516729043264,1.7679825536045746,10,self_masking_logistic_population,0.3
global_whole_skeleton,small_world_k2,100,1.0,,fixed_005_minus_n_inverse_half,n_inverse_half,fixed_005,10,-0.11307431070575813,-0.1332073545025217,-0.09294126690899457,0.02013304379676356,10,0.0,0.0,0.0,0.0,10,-0.06178849026025537,-0.07306497053268875,-0.05051200998782199,0.011276480272433378,10,-0.1,-0.3262157162798205,0.12621571627982048,0.22621571627982048,10,13.6,11.027365972827784,16.172634027172215,2.572634027172215,10,0.0,0.0,0.0,0.0,10,2587.4,2359.5098986920875,2815.2901013079127,227.8901013079127,10,0.0,0.0,0.0,0.0,10,0.0,0.0,0.0,0.0,10,0.0,0.0,0.0,0.0,10,17.311669869499838,11.76293514988756,22.860404589112115,5.548734719612277,10,complete,0.0
global_whole_skeleton,small_world_k2,100,1.0,,fixed_005_minus_n_inverse_half,n_inverse_half,fixed_005,10,-0.008891477383032498,-0.012882196234592521,-0.004900758531472475,0.003990718851560023,10,0.0,0.0,0.0,0.0,10,-0.004472686074577603,-0.0064853624417845705,-0.0024600097073706356,0.0020126763672069672,10,-0.8,-1.1016209550397607,-0.4983790449602394,0.30162095503976066,10,0.9,0.4939303619563957,1.3060696380436043,0.4060696380436043,10,0.0,0.0,0.0,0.0,10,1560.3,1474.3346875587777,1646.2653124412222,85.96531244122222,10,-33.8,-99.95648444538897,32.35648444538897,66.15648444538897,10,-17.35,-19.212753608854026,-15.487246391145975,1.8627536088540257,10,-0.02145820660980522,-0.022491955279004716,-0.020424457940605725,0.0010337486691994937,10,10.8818422835996,7.993022310789588,13.770662256409612,2.8888199728100123,10,self_masking_gaussian_preserving,0.3
global_whole_skeleton,small_world_k2,100,1.0,,fixed_005_minus_n_inverse_half,n_inverse_half,fixed_005,10,-0.008833236264802934,-0.014009404712981881,-0.003657067816623988,0.005176168448178946,10,0.0,0.0,0.0,0.0,10,-0.004457908477414951,-0.007071258939227658,-0.0018445580156022448,0.0026133504618127065,10,-0.5,-0.8770261937997008,-0.12297380620029918,0.3770261937997008,10,0.9,0.3721633286804189,1.4278366713195811,0.5278366713195811,10,0.0,0.0,0.0,0.0,10,1473.7,1363.3648191037282,1584.0351808962719,110.33518089627188,10,-3.2,-10.438902920954256,4.038902920954255,7.2389029209542555,10,-18.05,-20.13185384026596,-15.968146159734042,2.0818538402659588,10,-0.020653092041817443,-0.021431081123150383,-0.019875102960484503,0.0007779890813329396,10,11.659600254399994,7.018875396488018,16.30032511231197,4.640724857911976,10,self_masking_logistic_population,0.3
target_restriction_of_global,er_expected_degree_2,50,1.0,,fixed_005_minus_n_inverse_half,n_inverse_half,fixed_005,10,-0.0375,-0.06844397808571395,-0.006556021914286038,0.03094397808571396,10,0.0050000000000000044,-0.002540523875994018,0.012540523875994027,0.0075405238759940225,10,-0.022571428571428596,-0.04111515404729919,-0.004027703095557996,0.0185437254758706,10,-0.06,-0.1291100428827288,0.009110042882728792,0.06911004288272879,10,0.1,0.02459476124005984,0.17540523875994019,0.07540523875994017,10,-0.02,-0.05016209550397606,0.010162095503976062,0.030162095503976062,10,755.1,567.7276313730442,942.4723686269558,187.37236862695573,10,0.0,0.0,0.0,0.0,10,0.0,0.0,0.0,0.0,10,0.0,0.0,0.0,0.0,10,2.8541192550500076,-2.5424862323938635,8.25072474249388,5.396605487443871,10,complete,0.0
target_restriction_of_global,er_expected_degree_2,50,1.0,,fixed_005_minus_n_inverse_half,n_inverse_half,fixed_005,10,-0.0014285714285714236,-0.004660224518283133,0.001803081661140286,0.0032316530897117095,10,0.005095238095238108,-0.003143188758228748,0.013333664948704964,0.008238426853466856,10,0.002479797979797993,-0.0032749306936303954,0.008234526653226382,0.005754728673428388,10,1.1102230246251566e-17,-0.03372224794536563,0.03372224794536566,0.033722247945365644,10,0.01,-0.012621571627982045,0.03262157162798204,0.022621571627982045,10,-0.03,-0.07828291119331837,0.018282911193318374,0.04828291119331837,10,523.5,398.6264430044345,648.3735569955654,124.87355699556547,10,0.0,0.0,0.0,0.0,10,-5.3,-8.83762293375203,-1.7623770662479696,3.53762293375203,10,-0.007067830837639627,-0.00920450725224885,-0.004931154423030404,0.0021366764146092225,10,1.8565337530598611,-4.0841322436986225,7.797199749818345,5.940665996758484,10,self_masking_gaussian_preserving,0.3
target_restriction_of_global,er_expected_degree_2,50,1.0,,fixed_005_minus_n_inverse_half,n_inverse_half,fixed_005,10,0.0,0.0,0.0,0.0,10,0.008095238095238077,-0.006516853668369373,0.022707329858845528,0.01461209176360745,10,0.005139860139860142,-0.004423248053456003,0.014702968333176287,0.009563108193316145,10,0.019999999999999997,-0.010162095503976058,0.05016209550397605,0.030162095503976055,10,0.0,0.0,0.0,0.0,10,-0.029999999999999992,-0.07828291119331834,0.018282911193318367,0.04828291119331836,10,586.7,426.6979545442456,746.7020454557545,160.00204545575446,10,0.0,0.0,0.0,0.0,10,-11.15,-18.453124864866336,-3.846875135133666,7.3031248648663345,10,-0.008072988818418753,-0.01022813994768728,-0.005917837689150225,0.002155151129268528,10,4.381784219340099,0.8523551013626753,7.9112133373175215,3.5294291179774233,10,self_masking_logistic_population,0.3
target_restriction_of_global,er_expected_degree_2,100,1.0,,fixed_005_minus_n_inverse_half,n_inverse_half,fixed_005,10,-0.08649999999999998,-0.12692159230831462,-0.04607840769168535,0.04042159230831463,10,0.0,0.0,0.0,0.0,10,-0.05911904761904763,-0.08682749933402849,-0.031410595904066765,0.02770845171498086,10,-0.18,-0.27418111302491593,-0.08581888697508404,0.09418111302491596,10,0.25,0.12724916462208705,0.372750835377913,0.12275083537791295,10,0.0,0.0,0.0,0.0,10,3620.2,3016.834739561152,4223.565260438848,603.3652604388477,10,0.0,0.0,0.0,0.0,10,0.0,0.0,0.0,0.0,10,0.0,0.0,0.0,0.0,10,28.172508909960175,11.972350477110957,44.37266734280939,16.200158432849218,10,complete,0.0
target_restriction_of_global,er_expected_degree_2,100,1.0,,fixed_005_minus_n_inverse_half,n_inverse_half,fixed_005,10,-0.0050000000000000044,-0.016310785813991036,0.006310785813991028,0.011310785813991033,10,0.006607142857142856,6.437538402659284e-05,0.01314991033025912,0.006542767473116263,10,0.00039560439560437644,-0.0070584629431641845,0.007849671734372936,0.007454067338768561,10,0.019999999999999997,-0.010162095503976058,0.05016209550397605,0.030162095503976055,10,0.01,-0.012621571627982045,0.03262157162798204,0.022621571627982045,10,-0.04,-0.07694087177891798,-0.003059128221082015,0.036940871778917986,10,2263.7,1837.7805258079334,2689.6194741920663,425.91947419206633,10,-1.9,-6.198098609316588,2.398098609316589,4.298098609316589,10,-201.1,-415.21063604391213,13.010636043912172,214.11063604391217,10,-0.01237649052091524,-0.01490170294144596,-0.00985127810038452,0.0025252124205307207,10,18.854564495369857,7.136633384550084,30.57249560618963,11.717931110819773,10,self_masking_gaussian_preserving,0.3
target_restriction_of_global,er_expected_degree_2,100,1.0,,fixed_005_minus_n_inverse_half,n_inverse_half,fixed_005,10,-0.015000000000000013,-0.03227751072068222,0.002277510720682191,0.017277510720682204,10,0.0,0.0,0.0,0.0,10,-0.010000000000000031,-0.02151834048045486,0.0015183404804547992,0.01151834048045483,10,-0.029999999999999992,-0.06455502144136437,0.004555021441364382,0.034555021441364374,10,0.030000000000000006,-0.004555021441364382,0.0645550214413644,0.03455502144136439,10,0.0,0.0,0.0,0.0,10,2369.9,1832.1495659429343,2907.650434057066,537.7504340570658,10,0.0,0.0,0.0,0.0,10,-204.7,-400.54732241163595,-8.852677588364003,195.847322411636,10,-0.013048872527459338,-0.015030166960288284,-0.011067578094630392,0.001981294432828945,10,17.017156940129933,6.230043837712831,27.804270042547035,10.787113102417102,10,self_masking_logistic_population,0.3
target_restriction_of_global,random_regular_d2,50,1.0,,fixed_005_minus_n_inverse_half,n_inverse_half,fixed_005,10,-0.019999999999999997,-0.04010806366931738,0.00010806366931738476,0.02010806366931738,10,0.0,0.0,0.0,0.0,10,-0.01200000000000001,-0.02406483820159045,6.483820159042947e-05,0.01206483820159044,10,-0.06,-0.12032419100795211,0.0003241910079521196,0.06032419100795212,10,0.06,-0.00032419100795214734,0.12032419100795214,0.060324191007952145,10,0.0,0.0,0.0,0.0,10,374.7,314.542827164177,434.85717283582295,60.15717283582295,10,0.0,0.0,0.0,0.0,10,0.0,0.0,0.0,0.0,10,0.0,0.0,0.0,0.0,10,2.3576922060895003,0.509354990197904,4.206029421981096,1.8483372158915963,10,complete,0.0
target_restriction_of_global,random_regular_d2,50,1.0,,fixed_005_minus_n_inverse_half,n_inverse_half,fixed_005,10,0.0,0.0,0.0,0.0,10,0.0,0.0,0.0,0.0,10,0.0,0.0,0.0,0.0,10,0.0,0.0,0.0,0.0,10,0.0,0.0,0.0,0.0,10,0.0,0.0,0.0,0.0,10,274.3,245.89503572342016,302.70496427657986,28.404964276579836,10,-65.2,-129.16284657943487,-1.2371534205651287,63.962846579434874,10,-10.25,-13.53359296335906,-6.966407036640939,3.283592963359061,10,-0.013950163085385608,-0.014948889376779791,-0.012951436793991425,0.0009987262913941836,10,1.7633910330302887,0.02297564017417053,3.503806425886407,1.7404153928561181,10,self_masking_gaussian_preserving,0.3
target_restriction_of_global,random_regular_d2,50,1.0,,fixed_005_minus_n_inverse_half,n_inverse_half,fixed_005,10,0.0,0.0,0.0,0.0,10,0.0,0.0,0.0,0.0,10,0.0,0.0,0.0,0.0,10,0.0,0.0,0.0,0.0,10,0.0,0.0,0.0,0.0,10,0.0,0.0,0.0,0.0,10,291.9,250.23364141833406,333.5663585816659,41.66635858166593,10,-63.2,-133.9892558146577,7.58925581465769,70.7892558146577,10,-11.9,-15.25023362827783,-8.549766371722171,3.3502336282778296,10,-0.01444781982761158,-0.01624784002796726,-0.012647799627255901,0.0018000202003556785,10,1.8745092709799884,0.72637917670899,3.0226393652509866,1.1481300942709984,10,self_masking_logistic_population,0.3
target_restriction_of_global,random_regular_d2,100,1.0,,fixed_005_minus_n_inverse_half,n_inverse_half,fixed_005,10,-0.07999999999999997,-0.11016209550397604,-0.049837904496023905,0.030162095503976073,10,0.0,0.0,0.0,0.0,10,-0.04800000000000002,-0.06609725730238565,-0.02990274269761439,0.018097257302385632,10,-0.24,-0.3304862865119282,-0.1495137134880718,0.0904862865119282,10,0.24,0.1495137134880718,0.3304862865119282,0.09048628651192818,10,0.0,0.0,0.0,0.0,10,2296.2,2154.794045329436,2437.6059546705637,141.4059546705639,10,0.0,0.0,0.0,0.0,10,0.0,0.0,0.0,0.0,10,0.0,0.0,0.0,0.0,10,15.669678069989947,10.450196524916429,20.889159615063466,5.21948154507352,10,complete,0.0
target_restriction_of_global,random_regular_d2,100,1.0,,fixed_005_minus_n_inverse_half,n_inverse_half,fixed_005,10,-0.0033333333333333214,-0.010873857209327311,0.004207190542660669,0.00754052387599399,10,0.0,0.0,0.0,0.0,10,-0.002000000000000013,-0.0065243143255964515,0.0025243143255964254,0.0045243143255964385,10,-0.009999999999999998,-0.03262157162798204,0.012621571627982043,0.02262157162798204,10,0.01,-0.012621571627982045,0.03262157162798204,0.022621571627982045,10,0.0,0.0,0.0,0.0,10,1374.6,1269.7329175453583,1479.4670824546415,104.86708245464166,10,-188.0,-347.0700275896703,-28.92997241032967,159.07002758967033,10,-13.95,-15.535752629462795,-12.364247370537203,1.5857526294627966,10,-0.021495964911759168,-0.02298174420851664,-0.020010185615001695,0.0014857792967574708,10,9.76358288285021,4.208295101532002,15.318870664168418,5.555287781318208,10,self_masking_gaussian_preserving,0.3
target_restriction_of_global,random_regular_d2,100,1.0,,fixed_005_minus_n_inverse_half,n_inverse_half,fixed_005,10,-0.010000000000000031,-0.02151834048045486,0.0015183404804547974,0.011518340480454829,10,0.0,0.0,0.0,0.0,10,-0.005999999999999972,-0.012911004288272817,0.0009110042882728726,0.006911004288272845,10,-0.029999999999999992,-0.06455502144136435,0.004555021441364375,0.03455502144136437,10,0.030000000000000006,-0.004555021441364382,0.0645550214413644,0.03455502144136439,10,0.0,0.0,0.0,0.0,10,1398.5,1338.4268179938713,1458.5731820061287,60.07318200612861,10,-60.8,-167.6004409086575,46.00044090865751,106.8004409086575,10,-15.8,-16.855673342639165,-14.744326657360839,1.0556733426391622,10,-0.02178159201697922,-0.022801410814880612,-0.020761773219077826,0.0010198187979013932,10,8.38232285801006,2.3894519173529742,14.375193798667144,5.9928709406570855,10,self_masking_logistic_population,0.3
target_restriction_of_global,small_world_k2,50,1.0,,fixed_005_minus_n_inverse_half,n_inverse_half,fixed_005,10,-0.07000000000000003,-0.09963382179030611,-0.04036617820969396,0.029633821790306075,10,0.0,0.0,0.0,0.0,10,-0.04333333333333332,-0.06190609929055084,-0.024760567376115802,0.01857276595721752,10,-0.19,-0.26872538050313577,-0.11127461949686426,0.07872538050313574,10,0.19,0.11127461949686426,0.26872538050313577,0.07872538050313574,10,0.0,0.0,0.0,0.0,10,402.3,327.90360783928253,476.6963921607175,74.39639216071747,10,0.0,0.0,0.0,0.0,10,0.0,0.0,0.0,0.0,10,0.0,0.0,0.0,0.0,10,2.0709352674500816,0.36044891969001314,3.7814216152101503,1.7104863477600685,10,complete,0.0
target_restriction_of_global,small_world_k2,50,1.0,,fixed_005_minus_n_inverse_half,n_inverse_half,fixed_005,10,-0.016666666666666684,-0.03984006503533513,0.0065067317020017605,0.023173398368668444,10,0.0,0.0,0.0,0.0,10,-0.009999999999999976,-0.02390403902120102,0.0039040390212010667,0.013904039021201043,10,-0.05,-0.11952019510600533,0.01952019510600532,0.06952019510600532,10,0.05,-0.019520195106005292,0.1195201951060053,0.0695201951060053,10,0.0,0.0,0.0,0.0,10,282.2,229.00236559443934,335.39763440556067,53.19763440556065,10,-6.8,-18.910935844802193,5.310935844802192,12.110935844802192,10,-13.6,-20.0267208618136,-7.173279138186397,6.426720861813602,10,-0.0126919706423956,-0.014545334871399154,-0.010838606413392047,0.0018533642290035528,10,1.759381518720015,-0.2466394086514565,3.7654024460914863,2.0060209273714715,10,self_masking_gaussian_preserving,0.3
target_restriction_of_global,small_world_k2,50,1.0,,fixed_005_minus_n_inverse_half,n_inverse_half,fixed_005,10,-0.0033333333333333435,-0.010873857209327382,0.004207190542660695,0.007540523875994038,10,0.0,0.0,0.0,0.0,10,-0.0019999999999999905,-0.006524314325596379,0.0025243143255963977,0.004524314325596388,10,-0.009999999999999998,-0.03262157162798204,0.012621571627982043,0.02262157162798204,10,0.01,-0.012621571627982045,0.03262157162798204,0.022621571627982045,10,0.0,0.0,0.0,0.0,10,292.7,266.3447094132252,319.0552905867748,26.355290586774803,10,-15.4,-35.08408948899683,4.284089488996829,19.68408948899683,10,-13.9,-17.980949355851806,-9.819050644148197,4.0809493558518035,10,-0.013197374602805633,-0.014265215894461714,-0.012129533311149552,0.0010678412916560805,10,2.164269603329899,0.3962862525316506,3.9322529541281472,1.7679833507982483,10,self_masking_logistic_population,0.3
target_restriction_of_global,small_world_k2,100,1.0,,fixed_005_minus_n_inverse_half,n_inverse_half,fixed_005,10,-0.07200000000000002,-0.10551459145354364,-0.0384854085464564,0.03351459145354362,10,0.0,0.0,0.0,0.0,10,-0.04553968253968253,-0.06721175702843273,-0.023867608050932337,0.021672074488750196,10,-0.2,-0.28922068171349635,-0.1107793182865037,0.08922068171349631,10,0.23000000000000004,0.1285526266543935,0.3314473733456066,0.10144737334560656,10,0.0,0.0,0.0,0.0,10,2587.4,2359.5098986920875,2815.2901013079127,227.8901013079127,10,0.0,0.0,0.0,0.0,10,0.0,0.0,0.0,0.0,10,0.0,0.0,0.0,0.0,10,17.31166851075974,11.762933306842175,22.860403714677307,5.548735203917565,10,complete,0.0
target_restriction_of_global,small_world_k2,100,1.0,,fixed_005_minus_n_inverse_half,n_inverse_half,fixed_005,10,-0.0033333333333333435,-0.010873857209327382,0.004207190542660695,0.007540523875994038,10,0.0,0.0,0.0,0.0,10,-0.0019999999999999905,-0.006524314325596379,0.0025243143255963977,0.004524314325596388,10,-0.009999999999999998,-0.03262157162798204,0.012621571627982043,0.02262157162798204,10,0.01,-0.012621571627982045,0.03262157162798204,0.022621571627982045,10,0.0,0.0,0.0,0.0,10,1560.3,1474.3346875587777,1646.2653124412222,85.96531244122222,10,-33.8,-99.95648444538897,32.35648444538897,66.15648444538897,10,-17.35,-19.212753608854026,-15.487246391145975,1.8627536088540257,10,-0.021458206609805207,-0.02249195527900469,-0.020424457940605725,0.0010337486691994833,10,10.88184304091971,7.993022502906773,13.770663578932648,2.8888205380129373,10,self_masking_gaussian_preserving,0.3
target_restriction_of_global,small_world_k2,100,1.0,,fixed_005_minus_n_inverse_half,n_inverse_half,fixed_005,10,-0.006666666666666687,-0.016720698501325404,0.0033873651679920316,0.010054031834658719,10,0.0,0.0,0.0,0.0,10,-0.003999999999999981,-0.010032419100795165,0.0020324191007952026,0.006032419100795184,10,-0.019999999999999997,-0.05016209550397605,0.010162095503976058,0.030162095503976055,10,0.02,-0.010162095503976062,0.05016209550397606,0.030162095503976062,10,0.0,0.0,0.0,0.0,10,1473.7,1363.3648191037282,1584.0351808962719,110.33518089627188,10,-3.2,-10.438902920954256,4.038902920954255,7.2389029209542555,10,-18.05,-20.13185384026596,-15.968146159734042,2.0818538402659588,10,-0.020653092041817443,-0.021431081123150373,-0.019875102960484513,0.000777989081332931,10,11.659603107489886,7.018876856975994,16.30032935800378,4.640726250513892,10,self_masking_logistic_population,0.3
