topology,p,seed,d_alg,true_edges,oracle_nonedges,oracle_nonedges_separator_within_d_alg,oracle_nonedges_unresolved_at_d_alg,oracle_nonedges_unresolved_at_d_alg_lower_bound,oracle_separator_coverage_fraction,oracle_separator_depth_max_found,oracle_separator_depth_mean_found,oracle_separator_candidate_sets_tested,oracle_depth_minimal_separator_calls,oracle_depth_pairs_checked,oracle_depth_audit_mode,oracle_depth_failure_witness_x,oracle_depth_failure_witness_y,oracle_search_depth_premise_satisfied
er_expected_degree_2,20,0,3,19,171,171.0,0.0,0,1.0,3.0,0.34502923976608185,0,171,171,exhaustive_pass,,,True
er_expected_degree_2,20,1,3,23,167,167.0,0.0,0,1.0,3.0,0.40119760479041916,0,170,167,exhaustive_pass,,,True
er_expected_degree_2,20,2,3,22,168,168.0,0.0,0,1.0,3.0,0.30357142857142855,0,171,168,exhaustive_pass,,,True
er_expected_degree_2,20,3,3,20,170,170.0,0.0,0,1.0,2.0,0.17058823529411765,0,170,170,exhaustive_pass,,,True
er_expected_degree_2,20,4,3,25,165,,,1,,,,37,2,1,early_exit_failure_witness,X14,X15,False
er_expected_degree_2,20,5,3,18,172,172.0,0.0,0,1.0,2.0,0.36627906976744184,0,172,172,exhaustive_pass,,,True
er_expected_degree_2,20,6,3,21,169,169.0,0.0,0,1.0,2.0,0.23668639053254437,0,169,169,exhaustive_pass,,,True
er_expected_degree_2,20,7,3,28,162,162.0,0.0,0,1.0,3.0,0.691358024691358,0,165,162,exhaustive_pass,,,True
er_expected_degree_2,20,8,3,19,171,171.0,0.0,0,1.0,1.0,0.14035087719298245,0,171,171,exhaustive_pass,,,True
er_expected_degree_2,20,9,3,32,158,,,1,,,,64,4,3,early_exit_failure_witness,X3,X9,False
er_expected_degree_2,50,0,3,65,1160,1160.0,0.0,0,1.0,3.0,0.35172413793103446,0,1167,1160,exhaustive_pass,,,True
er_expected_degree_2,50,1,3,58,1167,1167.0,0.0,0,1.0,3.0,0.16795201371036847,0,1173,1167,exhaustive_pass,,,True
er_expected_degree_2,50,2,3,53,1172,,,1,,,,37,26,25,early_exit_failure_witness,X31,X7,False
er_expected_degree_2,50,3,3,45,1180,1180.0,0.0,0,1.0,3.0,0.13644067796610168,0,1183,1180,exhaustive_pass,,,True
er_expected_degree_2,50,4,3,55,1170,1170.0,0.0,0,1.0,2.0,0.1452991452991453,0,1171,1170,exhaustive_pass,,,True
er_expected_degree_2,50,5,3,52,1173,1173.0,0.0,0,1.0,3.0,0.15942028985507245,0,1178,1173,exhaustive_pass,,,True
er_expected_degree_2,50,6,3,65,1160,1160.0,0.0,0,1.0,3.0,0.24482758620689654,0,1162,1160,exhaustive_pass,,,True
er_expected_degree_2,50,7,3,64,1161,1161.0,0.0,0,1.0,3.0,0.3488372093023256,0,1176,1161,exhaustive_pass,,,True
er_expected_degree_2,50,8,3,44,1181,1181.0,0.0,0,1.0,3.0,0.1397121083827265,0,1186,1181,exhaustive_pass,,,True
er_expected_degree_2,50,9,3,58,1167,1167.0,0.0,0,1.0,3.0,0.21679520137103683,0,1175,1167,exhaustive_pass,,,True
er_expected_degree_2,75,0,3,87,2688,2688.0,0.0,0,1.0,2.0,0.16555059523809523,0,2693,2688,exhaustive_pass,,,True
er_expected_degree_2,75,1,3,89,2686,2686.0,0.0,0,1.0,3.0,0.21667907669396871,0,2694,2686,exhaustive_pass,,,True
er_expected_degree_2,75,2,3,77,2698,2698.0,0.0,0,1.0,3.0,0.10748702742772424,0,2698,2698,exhaustive_pass,,,True
er_expected_degree_2,75,3,3,67,2708,2708.0,0.0,0,1.0,2.0,0.051698670605613,0,2708,2708,exhaustive_pass,,,True
er_expected_degree_2,75,4,3,69,2706,2706.0,0.0,0,1.0,2.0,0.09127864005912786,0,2707,2706,exhaustive_pass,,,True
er_expected_degree_2,75,5,3,64,2711,2711.0,0.0,0,1.0,2.0,0.07856879380302471,0,2716,2711,exhaustive_pass,,,True
er_expected_degree_2,75,6,3,93,2682,2682.0,0.0,0,1.0,3.0,0.3284862043251305,0,2704,2682,exhaustive_pass,,,True
er_expected_degree_2,75,7,3,82,2693,2693.0,0.0,0,1.0,3.0,0.19309320460453028,0,2706,2693,exhaustive_pass,,,True
er_expected_degree_2,75,8,3,73,2702,2702.0,0.0,0,1.0,3.0,0.10103626943005181,0,2716,2702,exhaustive_pass,,,True
er_expected_degree_2,75,9,3,88,2687,2687.0,0.0,0,1.0,3.0,0.2407889839970227,0,2702,2687,exhaustive_pass,,,True
er_expected_degree_2,100,0,3,101,4849,4849.0,0.0,0,1.0,2.0,0.05691895236131161,0,4852,4849,exhaustive_pass,,,True
er_expected_degree_2,100,1,3,115,4835,,,1,,,,117,8,7,early_exit_failure_witness,X19,X47,False
er_expected_degree_2,100,2,3,99,4851,4851.0,0.0,0,1.0,2.0,0.08390022675736962,0,4852,4851,exhaustive_pass,,,True
er_expected_degree_2,100,3,3,97,4853,4853.0,0.0,0,1.0,2.0,0.06119925819080981,0,4855,4853,exhaustive_pass,,,True
er_expected_degree_2,100,4,3,90,4860,4860.0,0.0,0,1.0,2.0,0.053292181069958845,0,4860,4860,exhaustive_pass,,,True
er_expected_degree_2,100,5,3,80,4870,4870.0,0.0,0,1.0,2.0,0.02895277207392197,0,4870,4870,exhaustive_pass,,,True
er_expected_degree_2,100,6,3,124,4826,4826.0,0.0,0,1.0,3.0,0.19995855781185246,0,4834,4826,exhaustive_pass,,,True
er_expected_degree_2,100,7,3,104,4846,4846.0,0.0,0,1.0,3.0,0.09781262897234833,0,4857,4846,exhaustive_pass,,,True
er_expected_degree_2,100,8,3,104,4846,4846.0,0.0,0,1.0,2.0,0.09079653322327692,0,4847,4846,exhaustive_pass,,,True
er_expected_degree_2,100,9,3,116,4834,4834.0,0.0,0,1.0,3.0,0.11998345055854365,0,4847,4834,exhaustive_pass,,,True
er_expected_degree_2,150,0,3,157,11018,,,1,,,,88,5,4,early_exit_failure_witness,X139,X52,False
er_expected_degree_2,150,1,3,168,11007,11007.0,0.0,0,1.0,3.0,0.07086399563913873,0,11016,11007,exhaustive_pass,,,True
er_expected_degree_2,150,2,3,151,11024,11024.0,0.0,0,1.0,3.0,0.05932510885341074,0,11036,11024,exhaustive_pass,,,True
er_expected_degree_2,150,3,3,170,11005,11005.0,0.0,0,1.0,3.0,0.06424352567014993,0,11009,11005,exhaustive_pass,,,True
er_expected_degree_2,150,4,3,145,11030,11030.0,0.0,0,1.0,3.0,0.05684496826835902,0,11030,11030,exhaustive_pass,,,True
er_expected_degree_2,150,5,3,133,11042,11042.0,0.0,0,1.0,2.0,0.033055605868502085,0,11043,11042,exhaustive_pass,,,True
er_expected_degree_2,150,6,3,166,11009,11009.0,0.0,0,1.0,3.0,0.10509583068398583,0,11016,11009,exhaustive_pass,,,True
er_expected_degree_2,150,7,3,165,11010,11010.0,0.0,0,1.0,3.0,0.05340599455040872,0,11017,11010,exhaustive_pass,,,True
er_expected_degree_2,150,8,3,157,11018,11018.0,0.0,0,1.0,3.0,0.05427482301688147,0,11023,11018,exhaustive_pass,,,True
er_expected_degree_2,150,9,3,180,10995,,,1,,,,40,231,229,early_exit_failure_witness,X109,X33,False
random_regular_d2,20,0,3,20,170,170.0,0.0,0,1.0,1.0,0.1411764705882353,0,170,170,exhaustive_pass,,,True
random_regular_d2,20,1,3,20,170,170.0,0.0,0,1.0,2.0,0.20588235294117646,0,170,170,exhaustive_pass,,,True
random_regular_d2,20,2,3,20,170,170.0,0.0,0,1.0,1.0,0.058823529411764705,0,170,170,exhaustive_pass,,,True
random_regular_d2,20,3,3,20,170,170.0,0.0,0,1.0,2.0,0.1411764705882353,0,170,170,exhaustive_pass,,,True
random_regular_d2,20,4,3,20,170,170.0,0.0,0,1.0,1.0,0.18823529411764706,0,170,170,exhaustive_pass,,,True
random_regular_d2,20,5,3,20,170,170.0,0.0,0,1.0,2.0,0.13529411764705881,0,170,170,exhaustive_pass,,,True
random_regular_d2,20,6,3,20,170,170.0,0.0,0,1.0,2.0,0.1,0,170,170,exhaustive_pass,,,True
random_regular_d2,20,7,3,20,170,170.0,0.0,0,1.0,1.0,0.1,0,170,170,exhaustive_pass,,,True
random_regular_d2,20,8,3,20,170,170.0,0.0,0,1.0,1.0,0.17058823529411765,0,170,170,exhaustive_pass,,,True
random_regular_d2,20,9,3,20,170,170.0,0.0,0,1.0,2.0,0.1411764705882353,0,170,170,exhaustive_pass,,,True
random_regular_d2,50,0,3,50,1175,1175.0,0.0,0,1.0,1.0,0.04595744680851064,0,1175,1175,exhaustive_pass,,,True
random_regular_d2,50,1,3,50,1175,1175.0,0.0,0,1.0,2.0,0.04595744680851064,0,1175,1175,exhaustive_pass,,,True
random_regular_d2,50,2,3,50,1175,1175.0,0.0,0,1.0,1.0,0.0451063829787234,0,1175,1175,exhaustive_pass,,,True
random_regular_d2,50,3,3,50,1175,1175.0,0.0,0,1.0,2.0,0.05446808510638298,0,1175,1175,exhaustive_pass,,,True
random_regular_d2,50,4,3,50,1175,1175.0,0.0,0,1.0,2.0,0.0451063829787234,0,1175,1175,exhaustive_pass,,,True
random_regular_d2,50,5,3,50,1175,1175.0,0.0,0,1.0,2.0,0.0451063829787234,0,1175,1175,exhaustive_pass,,,True
random_regular_d2,50,6,3,50,1175,1175.0,0.0,0,1.0,1.0,0.05787234042553192,0,1175,1175,exhaustive_pass,,,True
random_regular_d2,50,7,3,50,1175,1175.0,0.0,0,1.0,1.0,0.07063829787234042,0,1175,1175,exhaustive_pass,,,True
random_regular_d2,50,8,3,50,1175,1175.0,0.0,0,1.0,1.0,0.04936170212765958,0,1175,1175,exhaustive_pass,,,True
random_regular_d2,50,9,3,50,1175,1175.0,0.0,0,1.0,1.0,0.06042553191489362,0,1175,1175,exhaustive_pass,,,True
random_regular_d2,75,0,3,75,2700,2700.0,0.0,0,1.0,1.0,0.03,0,2700,2700,exhaustive_pass,,,True
random_regular_d2,75,1,3,75,2700,2700.0,0.0,0,1.0,2.0,0.025185185185185185,0,2700,2700,exhaustive_pass,,,True
random_regular_d2,75,2,3,75,2700,2700.0,0.0,0,1.0,1.0,0.027037037037037037,0,2700,2700,exhaustive_pass,,,True
random_regular_d2,75,3,3,75,2700,2700.0,0.0,0,1.0,1.0,0.03259259259259259,0,2700,2700,exhaustive_pass,,,True
random_regular_d2,75,4,3,75,2700,2700.0,0.0,0,1.0,1.0,0.027037037037037037,0,2700,2700,exhaustive_pass,,,True
random_regular_d2,75,5,3,75,2700,2700.0,0.0,0,1.0,1.0,0.03222222222222222,0,2700,2700,exhaustive_pass,,,True
random_regular_d2,75,6,3,75,2700,2700.0,0.0,0,1.0,2.0,0.02666666666666667,0,2700,2700,exhaustive_pass,,,True
random_regular_d2,75,7,3,75,2700,2700.0,0.0,0,1.0,1.0,0.03259259259259259,0,2700,2700,exhaustive_pass,,,True
random_regular_d2,75,8,3,75,2700,2700.0,0.0,0,1.0,1.0,0.0362962962962963,0,2700,2700,exhaustive_pass,,,True
random_regular_d2,75,9,3,75,2700,2700.0,0.0,0,1.0,1.0,0.027407407407407408,0,2700,2700,exhaustive_pass,,,True
random_regular_d2,100,0,3,100,4850,4850.0,0.0,0,1.0,1.0,0.02309278350515464,0,4850,4850,exhaustive_pass,,,True
random_regular_d2,100,1,3,100,4850,4850.0,0.0,0,1.0,2.0,0.024329896907216497,0,4850,4850,exhaustive_pass,,,True
random_regular_d2,100,2,3,100,4850,4850.0,0.0,0,1.0,1.0,0.021855670103092785,0,4850,4850,exhaustive_pass,,,True
random_regular_d2,100,3,3,100,4850,4850.0,0.0,0,1.0,1.0,0.024536082474226804,0,4850,4850,exhaustive_pass,,,True
random_regular_d2,100,4,3,100,4850,4850.0,0.0,0,1.0,1.0,0.024742268041237112,0,4850,4850,exhaustive_pass,,,True
random_regular_d2,100,5,3,100,4850,4850.0,0.0,0,1.0,1.0,0.021443298969072166,0,4850,4850,exhaustive_pass,,,True
random_regular_d2,100,6,3,100,4850,4850.0,0.0,0,1.0,2.0,0.023505154639175258,0,4850,4850,exhaustive_pass,,,True
random_regular_d2,100,7,3,100,4850,4850.0,0.0,0,1.0,2.0,0.020618556701030927,0,4850,4850,exhaustive_pass,,,True
random_regular_d2,100,8,3,100,4850,4850.0,0.0,0,1.0,2.0,0.021649484536082474,0,4850,4850,exhaustive_pass,,,True
random_regular_d2,100,9,3,100,4850,4850.0,0.0,0,1.0,1.0,0.024742268041237112,0,4850,4850,exhaustive_pass,,,True
random_regular_d2,150,0,3,150,11025,11025.0,0.0,0,1.0,1.0,0.016417233560090703,0,11025,11025,exhaustive_pass,,,True
random_regular_d2,150,1,3,150,11025,11025.0,0.0,0,1.0,2.0,0.014421768707482994,0,11025,11025,exhaustive_pass,,,True
random_regular_d2,150,2,3,150,11025,11025.0,0.0,0,1.0,2.0,0.018140589569160998,0,11025,11025,exhaustive_pass,,,True
random_regular_d2,150,3,3,150,11025,11025.0,0.0,0,1.0,1.0,0.016870748299319727,0,11025,11025,exhaustive_pass,,,True
random_regular_d2,150,4,3,150,11025,11025.0,0.0,0,1.0,2.0,0.018775510204081632,0,11025,11025,exhaustive_pass,,,True
random_regular_d2,150,5,3,150,11025,11025.0,0.0,0,1.0,1.0,0.016689342403628116,0,11025,11025,exhaustive_pass,,,True
random_regular_d2,150,6,3,150,11025,11025.0,0.0,0,1.0,1.0,0.01650793650793651,0,11025,11025,exhaustive_pass,,,True
random_regular_d2,150,7,3,150,11025,11025.0,0.0,0,1.0,1.0,0.017142857142857144,0,11025,11025,exhaustive_pass,,,True
random_regular_d2,150,8,3,150,11025,11025.0,0.0,0,1.0,2.0,0.01614512471655329,0,11025,11025,exhaustive_pass,,,True
random_regular_d2,150,9,3,150,11025,11025.0,0.0,0,1.0,2.0,0.015238095238095238,0,11025,11025,exhaustive_pass,,,True
scale_free_m2,20,0,3,37,153,,,1,,,,337,2,1,early_exit_failure_witness,X1,X7,False
scale_free_m2,20,1,3,37,153,,,1,,,,203,2,1,early_exit_failure_witness,X3,X5,False
scale_free_m2,20,2,3,37,153,,,1,,,,189,2,1,early_exit_failure_witness,X14,X3,False
scale_free_m2,20,3,3,37,153,,,1,,,,250,2,1,early_exit_failure_witness,X3,X9,False
scale_free_m2,20,4,3,37,153,,,1,,,,225,2,1,early_exit_failure_witness,X3,X7,False
scale_free_m2,20,5,3,37,153,,,1,,,,176,3,2,early_exit_failure_witness,X11,X2,False
scale_free_m2,20,6,3,37,153,,,1,,,,141,3,2,early_exit_failure_witness,X1,X6,False
scale_free_m2,20,7,3,37,153,,,1,,,,232,3,2,early_exit_failure_witness,X12,X3,False
scale_free_m2,20,8,3,37,153,,,1,,,,396,2,1,early_exit_failure_witness,X2,X4,False
scale_free_m2,20,9,3,37,153,,,1,,,,210,2,1,early_exit_failure_witness,X3,X6,False
scale_free_m2,50,0,3,97,1128,,,1,,,,1020,2,1,early_exit_failure_witness,X1,X7,False
scale_free_m2,50,1,3,97,1128,,,1,,,,912,2,1,early_exit_failure_witness,X3,X5,False
scale_free_m2,50,2,3,97,1128,,,1,,,,992,2,1,early_exit_failure_witness,X1,X9,False
scale_free_m2,50,3,3,97,1128,,,1,,,,1477,2,1,early_exit_failure_witness,X15,X3,False
scale_free_m2,50,4,3,97,1128,,,1,,,,1289,2,1,early_exit_failure_witness,X3,X7,False
scale_free_m2,50,5,3,97,1128,,,1,,,,610,2,1,early_exit_failure_witness,X11,X2,False
scale_free_m2,50,6,3,97,1128,,,1,,,,1209,2,1,early_exit_failure_witness,X4,X8,False
scale_free_m2,50,7,3,97,1128,,,1,,,,1198,2,1,early_exit_failure_witness,X3,X6,False
scale_free_m2,50,8,3,97,1128,,,1,,,,1473,2,1,early_exit_failure_witness,X2,X4,False
scale_free_m2,50,9,3,97,1128,,,1,,,,925,2,1,early_exit_failure_witness,X14,X3,False
scale_free_m2,75,0,3,147,2628,,,1,,,,2370,2,1,early_exit_failure_witness,X1,X7,False
scale_free_m2,75,1,3,147,2628,,,1,,,,1768,2,1,early_exit_failure_witness,X3,X5,False
scale_free_m2,75,2,3,147,2628,,,1,,,,1936,2,1,early_exit_failure_witness,X1,X9,False
scale_free_m2,75,3,3,147,2628,,,1,,,,2780,2,1,early_exit_failure_witness,X15,X3,False
scale_free_m2,75,4,3,147,2628,,,1,,,,2613,2,1,early_exit_failure_witness,X3,X7,False
scale_free_m2,75,5,3,147,2628,,,1,,,,1149,2,1,early_exit_failure_witness,X11,X2,False
scale_free_m2,75,6,3,147,2628,,,1,,,,2374,2,1,early_exit_failure_witness,X4,X8,False
scale_free_m2,75,7,3,147,2628,,,1,,,,1916,2,1,early_exit_failure_witness,X15,X3,False
scale_free_m2,75,8,3,147,2628,,,1,,,,2493,2,1,early_exit_failure_witness,X2,X4,False
scale_free_m2,75,9,3,147,2628,,,1,,,,1283,2,1,early_exit_failure_witness,X14,X3,False
small_world_k2,20,0,3,20,170,170.0,0.0,0,1.0,1.0,0.1,0,170,170,exhaustive_pass,,,True
small_world_k2,20,1,3,20,170,170.0,0.0,0,1.0,2.0,0.20588235294117646,0,171,170,exhaustive_pass,,,True
small_world_k2,20,2,3,20,170,170.0,0.0,0,1.0,2.0,0.27058823529411763,0,170,170,exhaustive_pass,,,True
small_world_k2,20,3,3,20,170,170.0,0.0,0,1.0,2.0,0.11764705882352941,0,170,170,exhaustive_pass,,,True
small_world_k2,20,4,3,20,170,170.0,0.0,0,1.0,1.0,0.1588235294117647,0,170,170,exhaustive_pass,,,True
small_world_k2,20,5,3,20,170,170.0,0.0,0,1.0,1.0,0.07058823529411765,0,170,170,exhaustive_pass,,,True
small_world_k2,20,6,3,20,170,170.0,0.0,0,1.0,2.0,0.12941176470588237,0,170,170,exhaustive_pass,,,True
small_world_k2,20,7,3,20,170,170.0,0.0,0,1.0,2.0,0.12941176470588237,0,170,170,exhaustive_pass,,,True
small_world_k2,20,8,3,20,170,170.0,0.0,0,1.0,1.0,0.2529411764705882,0,170,170,exhaustive_pass,,,True
small_world_k2,20,9,3,20,170,170.0,0.0,0,1.0,2.0,0.23529411764705882,0,170,170,exhaustive_pass,,,True
small_world_k2,50,0,3,50,1175,1175.0,0.0,0,1.0,1.0,0.03914893617021276,0,1175,1175,exhaustive_pass,,,True
small_world_k2,50,1,3,50,1175,1175.0,0.0,0,1.0,1.0,0.05361702127659575,0,1175,1175,exhaustive_pass,,,True
small_world_k2,50,2,3,50,1175,1175.0,0.0,0,1.0,1.0,0.05702127659574468,0,1175,1175,exhaustive_pass,,,True
small_world_k2,50,3,3,50,1175,1175.0,0.0,0,1.0,2.0,0.05702127659574468,0,1175,1175,exhaustive_pass,,,True
small_world_k2,50,4,3,50,1175,1175.0,0.0,0,1.0,1.0,0.07659574468085106,0,1175,1175,exhaustive_pass,,,True
small_world_k2,50,5,3,50,1175,1175.0,0.0,0,1.0,1.0,0.059574468085106386,0,1175,1175,exhaustive_pass,,,True
small_world_k2,50,6,3,50,1175,1175.0,0.0,0,1.0,1.0,0.05021276595744681,0,1175,1175,exhaustive_pass,,,True
small_world_k2,50,7,3,50,1175,1175.0,0.0,0,1.0,1.0,0.06553191489361702,0,1175,1175,exhaustive_pass,,,True
small_world_k2,50,8,3,50,1175,1175.0,0.0,0,1.0,2.0,0.05872340425531915,0,1175,1175,exhaustive_pass,,,True
small_world_k2,50,9,3,50,1175,1175.0,0.0,0,1.0,1.0,0.05021276595744681,0,1175,1175,exhaustive_pass,,,True
small_world_k2,75,0,3,75,2700,2700.0,0.0,0,1.0,1.0,0.034074074074074076,0,2700,2700,exhaustive_pass,,,True
small_world_k2,75,1,3,75,2700,2700.0,0.0,0,1.0,2.0,0.03333333333333333,0,2700,2700,exhaustive_pass,,,True
small_world_k2,75,2,3,75,2700,2700.0,0.0,0,1.0,1.0,0.038148148148148146,0,2700,2700,exhaustive_pass,,,True
small_world_k2,75,3,3,75,2700,2700.0,0.0,0,1.0,2.0,0.030740740740740742,0,2700,2700,exhaustive_pass,,,True
small_world_k2,75,4,3,75,2700,2700.0,0.0,0,1.0,1.0,0.035555555555555556,0,2700,2700,exhaustive_pass,,,True
small_world_k2,75,5,3,75,2700,2700.0,0.0,0,1.0,2.0,0.04259259259259259,0,2700,2700,exhaustive_pass,,,True
small_world_k2,75,6,3,75,2700,2700.0,0.0,0,1.0,1.0,0.03259259259259259,0,2700,2700,exhaustive_pass,,,True
small_world_k2,75,7,3,75,2700,2700.0,0.0,0,1.0,1.0,0.04259259259259259,0,2700,2700,exhaustive_pass,,,True
small_world_k2,75,8,3,75,2700,2700.0,0.0,0,1.0,2.0,0.035555555555555556,0,2701,2700,exhaustive_pass,,,True
small_world_k2,75,9,3,75,2700,2700.0,0.0,0,1.0,1.0,0.030740740740740742,0,2700,2700,exhaustive_pass,,,True
small_world_k2,100,0,3,100,4850,4850.0,0.0,0,1.0,1.0,0.02865979381443299,0,4850,4850,exhaustive_pass,,,True
small_world_k2,100,1,3,100,4850,4850.0,0.0,0,1.0,2.0,0.032989690721649485,0,4850,4850,exhaustive_pass,,,True
small_world_k2,100,2,3,100,4850,4850.0,0.0,0,1.0,1.0,0.0222680412371134,0,4850,4850,exhaustive_pass,,,True
small_world_k2,100,3,3,100,4850,4850.0,0.0,0,1.0,2.0,0.029690721649484535,0,4850,4850,exhaustive_pass,,,True
small_world_k2,100,4,3,100,4850,4850.0,0.0,0,1.0,2.0,0.02845360824742268,0,4850,4850,exhaustive_pass,,,True
small_world_k2,100,5,3,100,4850,4850.0,0.0,0,1.0,2.0,0.02309278350515464,0,4850,4850,exhaustive_pass,,,True
small_world_k2,100,6,3,100,4850,4850.0,0.0,0,1.0,1.0,0.024536082474226804,0,4850,4850,exhaustive_pass,,,True
small_world_k2,100,7,3,100,4850,4850.0,0.0,0,1.0,1.0,0.028041237113402062,0,4850,4850,exhaustive_pass,,,True
small_world_k2,100,8,3,100,4850,4850.0,0.0,0,1.0,2.0,0.02639175257731959,0,4851,4850,exhaustive_pass,,,True
small_world_k2,100,9,3,100,4850,4850.0,0.0,0,1.0,1.0,0.03525773195876289,0,4850,4850,exhaustive_pass,,,True
