topology,p,seed,d_alg,depth_ok,oracle_edge_query_count,oracle_edge_partial_corr_min,oracle_edge_partial_corr_q10,oracle_edge_partial_corr_median,oracle_edge_partial_corr_below_001,oracle_edge_partial_corr_below_005,oracle_edge_partial_corr_below_010,oracle_edge_margin_finite,selected_edge_query_count,selected_edge_partial_corr_min,selected_edge_partial_corr_q10,selected_edge_partial_corr_median,selected_edge_partial_corr_max,selected_edge_partial_corr_below_001,selected_edge_partial_corr_below_005,selected_edge_partial_corr_below_010,selected_edge_query_retention_min,selected_edge_query_retention_q10,selected_edge_query_retention_median,selected_edge_query_retention_max,selected_edge_diagnostics_finite
er_expected_degree_2,20,0,3,True,261.0,0.006214152636760981,0.22233445043585362,0.5265930098318686,1.0,6.0,12.0,True,261.0,0.0056403843750073976,0.20508638983922442,0.4827821426719457,0.8283449687313192,1.0,7.0,13.0,0.17091965475664336,0.17278109715124995,0.24493419265621288,0.4939459186128804,True
er_expected_degree_2,20,1,3,True,224.0,0.02216486795607712,0.25312402021451647,0.4643337462529705,0.0,1.0,3.0,True,224.0,0.019584548336064034,0.22031248217496655,0.4057935594575601,0.7401343218844616,0.0,1.0,3.0,0.17002713117107113,0.17057135394842582,0.34409222352981106,0.49357291821032917,True
er_expected_degree_2,20,2,3,True,167.0,0.06323243645934737,0.2677093443608259,0.4783040487164804,0.0,0.0,5.0,True,167.0,0.05514563094541473,0.2315312344305909,0.43332734733090467,0.7785549328852118,0.0,0.0,6.0,0.17033031387942413,0.24210546509280204,0.34514550526715937,0.49343249270923295,True
er_expected_degree_2,20,3,3,True,128.0,0.2413269404524372,0.3652134321375583,0.5061042842127002,0.0,0.0,0.0,True,128.0,0.20582814863284346,0.3248121700544142,0.45512532653374504,0.741328455596698,0.0,0.0,0.0,0.1697604077830734,0.24189483480349844,0.3448992163514497,0.4943667335470751,True
er_expected_degree_2,20,4,3,False,,,,,,,,,,,,,,,,,,,,,
er_expected_degree_2,20,5,3,True,138.0,0.2673417439028274,0.36301107822936907,0.5379606777773682,0.0,0.0,0.0,True,138.0,0.23977838698663256,0.3270936282057187,0.49423815992952974,0.7685149165032681,0.0,0.0,0.0,0.1740777421110625,0.1748014085838734,0.34595136090833173,0.49403713781042735,True
er_expected_degree_2,20,6,3,True,166.0,0.1085989797270789,0.35101573650200796,0.5010512253349176,0.0,0.0,0.0,True,166.0,0.09487281853043936,0.31751535955336396,0.4464079090783394,0.6906296179929068,0.0,0.0,1.0,0.17058867355983706,0.17228984963202318,0.34527892040715347,0.4938827581811906,True
er_expected_degree_2,20,7,3,True,414.0,0.005799256080982275,0.23822985723175502,0.4553180988841158,4.0,8.0,20.0,True,414.0,0.005520228854476147,0.21100481661085566,0.41295891226438397,0.8134020080547214,4.0,8.0,21.0,0.1704505855184299,0.1719203207133517,0.24541628776835245,0.49480442307758554,True
er_expected_degree_2,20,8,3,True,100.0,0.13123282455378799,0.3008375872961095,0.4996176214853495,0.0,0.0,0.0,True,100.0,0.11293486266220891,0.26401456666947043,0.44428254605887496,0.7431967628510942,0.0,0.0,0.0,0.17065854694750313,0.24302362229491026,0.3454102784330943,0.49385856976669495,True
er_expected_degree_2,20,9,3,False,,,,,,,,,,,,,,,,,,,,,
er_expected_degree_2,50,0,3,True,930.0,0.0011210632414962866,0.2908657771036677,0.48225210048806555,11.0,16.0,18.0,True,930.0,0.0010081129114517169,0.25589348126504063,0.436911800573517,0.8480519619228494,12.0,16.0,18.0,0.1692538985844778,0.1722413623721238,0.2452130807184987,0.4947778268927345,True
er_expected_degree_2,50,1,3,True,828.0,0.0018792886167379027,0.24730301868878118,0.4335552265869247,8.0,12.0,25.0,True,828.0,0.001566074769106005,0.2179027209637069,0.3842268208755849,0.8333690808582503,8.0,13.0,30.0,0.1691936476820047,0.17059761226896172,0.2438424017770889,0.49513065780226395,True
er_expected_degree_2,50,2,3,False,,,,,,,,,,,,,,,,,,,,,
er_expected_degree_2,50,3,3,True,309.0,0.183929291448926,0.3053279846684975,0.5095751766164847,0.0,0.0,0.0,True,309.0,0.16173983889782634,0.26673123861722386,0.4551857132559306,0.7825353772318443,0.0,0.0,0.0,0.1699434952467077,0.24184275236552258,0.345427786917301,0.4944095233951414,True
er_expected_degree_2,50,4,3,True,704.0,0.1015604366486653,0.3005422692202018,0.46733781809713015,0.0,0.0,0.0,True,704.0,0.09170970544777678,0.2728161317314422,0.42713922193912535,0.7814677427873068,0.0,0.0,1.0,0.16965957253379707,0.1739209081690909,0.24600787431652826,0.49461715193103556,True
er_expected_degree_2,50,5,3,True,436.0,0.013022345396859134,0.3380845812329639,0.5056947157642041,0.0,2.0,2.0,True,436.0,0.0121097864967378,0.3035852355067432,0.4557749005227071,0.8228044459925248,0.0,2.0,2.0,0.16992634911240437,0.17436613358213976,0.344993863152967,0.4942785591035398,True
er_expected_degree_2,50,6,3,True,774.0,0.026512056126256782,0.27055532673768234,0.4652689056278888,0.0,4.0,9.0,True,774.0,0.023204042393687504,0.23595545840892082,0.41788964204949797,0.7845392918288194,0.0,5.0,10.0,0.16935354411863562,0.17159704387539354,0.24446587779732507,0.49411112127481516,True
er_expected_degree_2,50,7,3,True,1076.0,0.01622350534606136,0.1913925792637122,0.4670759209564853,0.0,18.0,30.0,True,1076.0,0.01443609853621557,0.1707651558816317,0.4224861593023739,0.8956152015822205,0.0,20.0,36.0,0.16888704180313363,0.17095973480660742,0.2441684361924577,0.495686525169686,True
er_expected_degree_2,50,8,3,True,581.0,0.002447397868096244,0.28531487942191713,0.45479814344150454,1.0,7.0,16.0,True,581.0,0.002276222731344775,0.2510387951492068,0.4056739447478795,0.8124970986478338,1.0,8.0,20.0,0.16937065177464009,0.17032109183537147,0.24364151295419062,0.4947804440275249,True
er_expected_degree_2,50,9,3,True,988.0,0.018989940886995064,0.20856733250000442,0.3962238674155083,0.0,5.0,46.0,True,988.0,0.017428329625019192,0.1828307001015374,0.3518740302576139,0.8651776483267467,0.0,27.0,46.0,0.16843692431901383,0.1690172531047649,0.24235318801849945,0.4947953601155073,True
er_expected_degree_2,75,0,3,True,815.0,0.20501776639028796,0.32144607501876793,0.47518438661740864,0.0,0.0,0.0,True,815.0,0.18224166670589514,0.2834390126284919,0.424128650416103,0.780000799303969,0.0,0.0,0.0,0.16976599877418597,0.17314869629698088,0.34469343094001864,0.494610169078026,True
er_expected_degree_2,75,1,3,True,1158.0,0.019260313535424473,0.2958313546706064,0.4835198716970638,0.0,3.0,7.0,True,1158.0,0.01669988505377462,0.26251258259202154,0.43649662388344945,0.8540960327503723,0.0,3.0,8.0,0.1689968309042994,0.17244272565198537,0.24522037362601984,0.4951313469508457,True
er_expected_degree_2,75,2,3,True,779.0,0.011548289085313313,0.3269262207981689,0.4960416922401465,0.0,1.0,1.0,True,779.0,0.010026656535639894,0.29118953706483486,0.4481617131762882,0.8434054213974623,0.0,1.0,1.0,0.16979884731490832,0.1740641011633563,0.24713804367325243,0.4953707395938794,True
er_expected_degree_2,75,3,3,True,375.0,0.20332970892294006,0.3333231966814006,0.5141529751847349,0.0,0.0,0.0,True,375.0,0.18264064588662512,0.2964831888769313,0.4600270201194146,0.8068905283305002,0.0,0.0,0.0,0.17122376699935093,0.24303649897601678,0.34587578851385603,0.49422345126865114,True
er_expected_degree_2,75,4,3,True,426.0,0.15976021622025655,0.33112838107488884,0.5044483648290647,0.0,0.0,0.0,True,426.0,0.14291699077614492,0.2962151223200895,0.4534005899839469,0.7961887129864575,0.0,0.0,0.0,0.17075529674740966,0.24241867406281076,0.3456240981141656,0.494902308302842,True
er_expected_degree_2,75,5,3,True,541.0,0.14630873418753443,0.32534241922484486,0.5084817563083371,0.0,0.0,0.0,True,541.0,0.12941534195875884,0.28973680497617627,0.4591774859224471,0.8733174284487327,0.0,0.0,0.0,0.1706167453193073,0.1720871500541972,0.34415160573476494,0.49443211604454423,True
er_expected_degree_2,75,6,3,True,1270.0,0.021535351675716706,0.3088409351023317,0.48123205928568114,0.0,15.0,16.0,True,1270.0,0.019112144750468858,0.27659733056721736,0.43441056330335676,0.8767810864516039,0.0,15.0,16.0,0.16970311635817437,0.17182223172977415,0.24486452987985846,0.49445676931571036,True
er_expected_degree_2,75,7,3,True,915.0,0.023264792057894373,0.28594944761847874,0.497977540720918,0.0,12.0,19.0,True,915.0,0.019700385298062898,0.24916489250019652,0.45150834718648375,0.8777727640616587,0.0,12.0,21.0,0.16922116073445972,0.17204093882373564,0.2467223886731412,0.4952859553905981,True
er_expected_degree_2,75,8,3,True,854.0,0.008072045616307822,0.29542764426071555,0.4780370655930124,2.0,5.0,28.0,True,854.0,0.007225968335205638,0.2614651951345267,0.42675471104820606,0.8230889685314756,3.0,7.0,34.0,0.16930387283156814,0.17113621410559848,0.24386888851544322,0.4941443844162731,True
er_expected_degree_2,75,9,3,True,1330.0,0.007496551337661052,0.26088290920528545,0.47148670274813587,2.0,22.0,32.0,True,1330.0,0.006760622440190339,0.23262593245382138,0.42667027504879085,0.8661058495229819,3.0,22.0,37.0,0.16915216681928485,0.17185489516451402,0.24431808411130648,0.49559781604712794,True
er_expected_degree_2,100,0,3,True,806.0,0.09163317198890213,0.33917366068981425,0.4863893882096279,0.0,0.0,1.0,True,806.0,0.07820926657859253,0.2999797742911928,0.4365423073750021,0.8170547125810599,0.0,0.0,2.0,0.16982146227002007,0.24163924569886394,0.34494675364882554,0.49432373167933896,True
er_expected_degree_2,100,1,3,False,,,,,,,,,,,,,,,,,,,,,
er_expected_degree_2,100,2,3,True,1189.0,0.04590525547720986,0.2832403448956594,0.4782262472369139,0.0,1.0,6.0,True,1189.0,0.03977461322747813,0.2508918246867514,0.4312895539713799,0.8558356422201422,0.0,3.0,9.0,0.16939815655830834,0.17184289036049033,0.24532463121181372,0.49543571466250963,True
er_expected_degree_2,100,3,3,True,857.0,0.010514099190557274,0.30856130875687654,0.4683332778946808,0.0,2.0,2.0,True,857.0,0.00960079897491906,0.26973598011560596,0.41754396954538014,0.8377687075586641,1.0,2.0,2.0,0.16930223476813636,0.17119622033575502,0.34414125245415306,0.49461149038294255,True
er_expected_degree_2,100,4,3,True,767.0,0.15976674379156863,0.3164204198443353,0.4830909160540754,0.0,0.0,0.0,True,767.0,0.14086903628081762,0.2798435889417265,0.4355944154215163,0.8089255005221638,0.0,0.0,0.0,0.16998280207761807,0.17203678573084127,0.3446560344707038,0.4946197177618359,True
er_expected_degree_2,100,5,3,True,489.0,0.2281211668525418,0.35454311065850747,0.5288901738063305,0.0,0.0,0.0,True,489.0,0.20157858830247316,0.3129389845874924,0.4746219481297289,0.8020875998981295,0.0,0.0,0.0,0.17105817331954146,0.24228633064133046,0.3457174617923299,0.4948381959720617,True
er_expected_degree_2,100,6,3,True,1686.0,0.017571772613760802,0.28089857813457336,0.45496515096165735,0.0,4.0,9.0,True,1686.0,0.016136206997790874,0.24591445503953438,0.4092962120067048,0.8770412715346052,0.0,4.0,10.0,0.16966345577717873,0.17106144292937836,0.24469068015786233,0.4948576780996994,True
er_expected_degree_2,100,7,3,True,1264.0,0.07736540449108037,0.2858797774585494,0.4653181117425964,0.0,0.0,9.0,True,1264.0,0.06710102097824844,0.251761205519771,0.4161503849450472,0.8155945291313604,0.0,0.0,15.0,0.16948429631965312,0.1708099530303696,0.24393399985694775,0.49471834949413807,True
er_expected_degree_2,100,8,3,True,1332.0,0.06281666926040956,0.27730659209874875,0.45580389429518176,0.0,0.0,4.0,True,1332.0,0.056050611033461345,0.24578725156529493,0.40534617542939466,0.8262860134091211,0.0,0.0,4.0,0.16895569971972188,0.17037895440543127,0.24358163854801726,0.4947972279851557,True
er_expected_degree_2,100,9,3,True,1660.0,0.00022875970261608658,0.2394124038168643,0.46661834700165766,4.0,12.0,18.0,True,1660.0,0.00020858501908970872,0.20864109000010708,0.4212913776703432,0.8775614682781612,4.0,14.0,22.0,0.1689135212045294,0.17060538729436855,0.24383487892226785,0.4956433750713409,True
er_expected_degree_2,150,0,3,False,,,,,,,,,,,,,,,,,,,,,
er_expected_degree_2,150,1,3,True,2278.0,0.040018598091181974,0.28278070939651473,0.4500345844243753,0.0,12.0,19.0,True,2278.0,0.03335773541255407,0.25122162733327996,0.40103407013913195,0.8591082146719478,0.0,15.0,22.0,0.16887586476278885,0.17060221336047773,0.24371617346292357,0.4951985980265401,True
er_expected_degree_2,150,2,3,True,1568.0,0.004172693214016941,0.30578861601719665,0.48588275846624707,2.0,11.0,17.0,True,1568.0,0.0037219569044928936,0.26916803843061404,0.4358140638478264,0.8206383390766574,2.0,12.0,17.0,0.16934872896065153,0.17150542304319402,0.24524508557761185,0.49464308830972065,True
er_expected_degree_2,150,3,3,True,1702.0,0.06657064818042395,0.3152351199999417,0.4828666697817251,0.0,0.0,3.0,True,1702.0,0.0619536483701961,0.2781784974925856,0.43464868166529763,0.8807564807027282,0.0,0.0,4.0,0.16965102155061518,0.17252434560451985,0.3438131599868978,0.49495753770508066,True
er_expected_degree_2,150,4,3,True,1458.0,0.10686281349938995,0.3119306157102119,0.48301574577064765,0.0,0.0,0.0,True,1458.0,0.09425011986341866,0.27546819524815275,0.434838907546639,0.8057700521849777,0.0,0.0,1.0,0.16903325141627068,0.17185953892548084,0.24566516965008153,0.49443114141337463,True
er_expected_degree_2,150,5,3,True,1044.0,0.18168487719424467,0.3316470525793242,0.5009363712510744,0.0,0.0,0.0,True,1044.0,0.16445294456696744,0.29153446251989185,0.449685038948613,0.8404005341462284,0.0,0.0,0.0,0.16934533337022747,0.17391691551554395,0.34464157870277945,0.4953407623628351,True
er_expected_degree_2,150,6,3,True,2006.0,0.026642909382821996,0.31029112302745554,0.47393103764255695,0.0,2.0,4.0,True,2006.0,0.024866971087800796,0.2748209133965895,0.4254244163331685,0.9174012826438541,0.0,2.0,5.0,0.16939043152289598,0.17206913572888605,0.2455378454282028,0.496021602774504,True
er_expected_degree_2,150,7,3,True,1766.0,0.0020524934369603926,0.29371614994799145,0.47526612487575226,2.0,2.0,6.0,True,1766.0,0.0017744112588284507,0.25911365764371075,0.4239679825487269,0.8660112426637414,2.0,4.0,7.0,0.16923479065116404,0.1717229846826947,0.24547182075645066,0.4955968675798489,True
er_expected_degree_2,150,8,3,True,1640.0,0.01593747743115796,0.25997507747972376,0.480294410625426,0.0,3.0,3.0,True,1640.0,0.0147470571874574,0.23007674646816034,0.4321153412708457,0.8951244673663632,0.0,3.0,3.0,0.1685750402931645,0.17124561275596084,0.24575246336178397,0.49558228602232174,True
er_expected_degree_2,150,9,3,False,,,,,,,,,,,,,,,,,,,,,
random_regular_d2,20,0,3,True,60.0,0.31185106117345834,0.3831770213417342,0.5625203746984531,0.0,0.0,0.0,True,60.0,0.27159840514329514,0.3373596887940949,0.507574793719473,0.6990153199523422,0.0,0.0,0.0,0.34472183671307033,0.34575225412141036,0.3472729079769827,0.49361015390859503,True
random_regular_d2,20,1,3,True,60.0,0.35341926498032067,0.42091842269365615,0.5106590592362652,0.0,0.0,0.0,True,60.0,0.3135489995781041,0.3752256487646051,0.451378840915437,0.756587690945363,0.0,0.0,0.0,0.3450225545837189,0.345382586952993,0.34674905029486514,0.4945145987026675,True
random_regular_d2,20,2,3,True,57.0,0.15691157472288791,0.37757921411404716,0.5208742605255969,0.0,0.0,0.0,True,57.0,0.1312984340283167,0.3223084426790149,0.46540337763713,0.7278839401456808,0.0,0.0,0.0,0.3446422878789373,0.34534786800392425,0.3460292227953977,0.49294975243315775,True
random_regular_d2,20,3,3,True,57.0,0.04234369690749127,0.36653858955704194,0.564392353765574,0.0,1.0,1.0,True,57.0,0.038803620825513946,0.3252876089284083,0.504140795817986,0.6974129272768539,0.0,1.0,1.0,0.34528728670005715,0.3456892567577816,0.3482545978815379,0.4939467987478407,True
random_regular_d2,20,4,3,True,60.0,0.3437041091516235,0.42502647756839723,0.5663284904412224,0.0,0.0,0.0,True,60.0,0.3028230104485868,0.3744520124262963,0.5105743282991242,0.7447745257126301,0.0,0.0,0.0,0.34524816170938727,0.34599982284754843,0.3476259830997627,0.49440004539456517,True
random_regular_d2,20,5,3,True,57.0,0.23210862904449128,0.4565334041060016,0.6044844762859762,0.0,0.0,0.0,True,57.0,0.21379383628053655,0.3973512623600645,0.5424676970626835,0.786270534021272,0.0,0.0,0.0,0.34544623240300243,0.34607428763556153,0.3480922972600182,0.4940314345371682,True
random_regular_d2,20,6,3,True,57.0,0.08577619047349276,0.3649330118449501,0.5561655569889267,0.0,0.0,1.0,True,57.0,0.07156791954352652,0.31609123181925697,0.4951219724904189,0.6809775483724888,0.0,0.0,1.0,0.34538365538188254,0.3456684334658172,0.3469434403245992,0.49311491372841487,True
random_regular_d2,20,7,3,True,60.0,0.3446542652070665,0.391526718005923,0.5347883638714743,0.0,0.0,0.0,True,60.0,0.2996210278977624,0.33482670893447564,0.48112065603916426,0.733141831652965,0.0,0.0,0.0,0.3445352492371618,0.34524789984652765,0.3471921442920315,0.4931410730026619,True
random_regular_d2,20,8,3,True,60.0,0.3277522895250324,0.399179838779625,0.4917287076438142,0.0,0.0,0.0,True,60.0,0.28248238828054884,0.34647245519088504,0.43174364769823076,0.7574317367845999,0.0,0.0,0.0,0.34455375872999777,0.3449128853594299,0.34679664781057606,0.49345220541649204,True
random_regular_d2,20,9,3,True,60.0,0.24029095323982338,0.4416652389687385,0.567236248388254,0.0,0.0,0.0,True,60.0,0.20218817656528076,0.39221243853560617,0.5093891867622033,0.6633408846482621,0.0,0.0,0.0,0.3450509329076614,0.34554796849872527,0.34745329378640044,0.4936276220976218,True
random_regular_d2,50,0,3,True,150.0,0.31956433110639554,0.3967903870741318,0.5270199018937026,0.0,0.0,0.0,True,150.0,0.2809983592535351,0.3456192906752328,0.47238089841843056,0.7617973578189633,0.0,0.0,0.0,0.3446036832957018,0.345182664016656,0.3466357836355295,0.49352183959767926,True
random_regular_d2,50,1,3,True,150.0,0.3433367025172966,0.41529321008669895,0.5323526477101774,0.0,0.0,0.0,True,150.0,0.3044690502996615,0.3610959016224351,0.4782344832362875,0.710831212699499,0.0,0.0,0.0,0.3447094806906664,0.34539344942898265,0.34646502862437495,0.4933486378261493,True
random_regular_d2,50,2,3,True,150.0,0.2645260787048026,0.4145353244071357,0.5329551637901373,0.0,0.0,0.0,True,150.0,0.2317434612423884,0.364767451487871,0.4753854311337353,0.7433274513815339,0.0,0.0,0.0,0.3448396108179916,0.34535262217260665,0.3465308127967105,0.49390180768761655,True
random_regular_d2,50,3,3,True,150.0,0.3062775516805091,0.40163467267146874,0.549024183874169,0.0,0.0,0.0,True,150.0,0.26616776660102515,0.3439432440618185,0.49394436037707223,0.7276130130197631,0.0,0.0,0.0,0.3445160657187598,0.34558663528358174,0.346858731126527,0.4935840063015128,True
random_regular_d2,50,4,3,True,147.0,0.2127700142556593,0.40521556450149987,0.5360583559239072,0.0,0.0,0.0,True,147.0,0.19817666235344436,0.3581298671119114,0.47817664458185694,0.7899320868104279,0.0,0.0,0.0,0.34477892852027,0.34541136523894583,0.34698330543177797,0.49484070541671243,True
random_regular_d2,50,5,3,True,147.0,0.18922565269118896,0.42545033801855964,0.5726346482021735,0.0,0.0,0.0,True,147.0,0.17231222948953573,0.3743073713331199,0.5087789234020521,0.7511002458294926,0.0,0.0,0.0,0.3447084721562644,0.34583233966634125,0.34744116589291674,0.49416908470598553,True
random_regular_d2,50,6,3,True,150.0,0.2802253157486291,0.39177316879230983,0.5424527295037478,0.0,0.0,0.0,True,150.0,0.2418845682236308,0.3513753364704448,0.4890601888701971,0.7723867661061791,0.0,0.0,0.0,0.34468642723562726,0.3453088393660011,0.3473102779639302,0.49416374168092553,True
random_regular_d2,50,7,3,True,150.0,0.3024451553007921,0.4240452533343808,0.5796200300672182,0.0,0.0,0.0,True,150.0,0.2628540961447911,0.37582660088148206,0.5186491234171433,0.7908231145146126,0.0,0.0,0.0,0.345111788847087,0.3455416714065086,0.3477855744657534,0.49447525269490533,True
random_regular_d2,50,8,3,True,150.0,0.30514762139607154,0.3937222087082982,0.5148278543968057,0.0,0.0,0.0,True,150.0,0.26704309395941694,0.34612656636422473,0.45711773538495704,0.7112457676208499,0.0,0.0,0.0,0.3450405524987828,0.34540027392388234,0.34622917983420065,0.49401793937110605,True
random_regular_d2,50,9,3,True,147.0,0.1471462475134924,0.38853295023051027,0.5749762501501691,0.0,0.0,0.0,True,147.0,0.13720757637345712,0.34522513385757003,0.5082279859403133,0.7827122851392192,0.0,0.0,0.0,0.34531054327064215,0.34555904251118497,0.3477384270134098,0.4947697733100667,True
random_regular_d2,75,0,3,True,225.0,0.27235054933497294,0.39064830949002693,0.5354081383425817,0.0,0.0,0.0,True,225.0,0.23984120131796977,0.3384930905731186,0.4724131369467282,0.7147638437122473,0.0,0.0,0.0,0.3447498102964432,0.34527805027727565,0.34668902165063403,0.4940553928017287,True
random_regular_d2,75,1,3,True,222.0,0.0010053101007442978,0.4246245558420815,0.5300351905666245,1.0,1.0,1.0,True,222.0,0.0009160473933788391,0.3744100469214574,0.47511322918263615,0.7397641691317317,1.0,1.0,1.0,0.34447072537825485,0.3453913307744731,0.3465018424711256,0.49399957097819513,True
random_regular_d2,75,2,3,True,225.0,0.26842966409872454,0.3696778721757669,0.5449407232033319,0.0,0.0,0.0,True,225.0,0.2329586260698924,0.32081556155096086,0.48588812075324916,0.7655685034650429,0.0,0.0,0.0,0.3442748453466851,0.345347701812704,0.3467850108236108,0.4939884347020429,True
random_regular_d2,75,3,3,True,219.0,0.1525985412321921,0.4002671709689661,0.5478909269400916,0.0,0.0,0.0,True,219.0,0.1411352681033181,0.3532877971911145,0.4873620579039102,0.7757841153866006,0.0,0.0,0.0,0.3449442465227136,0.3455456517890567,0.3468697680006471,0.49470186807232125,True
random_regular_d2,75,4,3,True,222.0,0.16303391908836332,0.391180989514192,0.5369933199322348,0.0,0.0,0.0,True,222.0,0.14726701395904795,0.3445782067079587,0.48212647195416386,0.737520815178429,0.0,0.0,0.0,0.344261434558869,0.34540523195542283,0.346987318294268,0.4939730398512939,True
random_regular_d2,75,5,3,True,225.0,0.25884735435981887,0.4345185408994091,0.5440977852356951,0.0,0.0,0.0,True,225.0,0.22625568467549587,0.38605525227948806,0.4904379863630633,0.7267780631990385,0.0,0.0,0.0,0.3450732151594693,0.34556613477657006,0.3468421128813172,0.4937406252249153,True
random_regular_d2,75,6,3,True,222.0,0.005164362550319366,0.4021115439518589,0.5330480544503446,1.0,1.0,1.0,True,222.0,0.004303654588803571,0.34746117546869776,0.4748056178390096,0.7291854034069032,1.0,1.0,1.0,0.3445278184848232,0.34538365538188254,0.3467535684964535,0.49387489637178206,True
random_regular_d2,75,7,3,True,225.0,0.25579235625070257,0.4080806560645852,0.5642576648552872,0.0,0.0,0.0,True,225.0,0.22491321296899047,0.36266362429087684,0.5063081150500026,0.762948224890107,0.0,0.0,0.0,0.34439145955204026,0.34564574302387546,0.3470814489467,0.49417515351777636,True
random_regular_d2,75,8,3,True,225.0,0.30894472192740385,0.4088610569106001,0.5476093627319593,0.0,0.0,0.0,True,225.0,0.27340246939601204,0.35899429784411924,0.49058465805224283,0.7555799632420551,0.0,0.0,0.0,0.34486948849342747,0.34548929654250443,0.3468760258072562,0.4945048054596758,True
random_regular_d2,75,9,3,True,225.0,0.3057860686215332,0.4066411808427334,0.5431248266151906,0.0,0.0,0.0,True,225.0,0.26359193852944185,0.3559074344254818,0.4845474817182518,0.753521592981834,0.0,0.0,0.0,0.3446318557260237,0.34545637063059825,0.34675952513315983,0.4938877662254754,True
random_regular_d2,100,0,3,True,300.0,0.2437838878440489,0.4087937258791875,0.5294080019011314,0.0,0.0,0.0,True,300.0,0.21408085651648553,0.35634074624683343,0.47144857305985693,0.7854844195386138,0.0,0.0,0.0,0.3445791252880059,0.34532846719131244,0.346499491127876,0.4947969886335423,True
random_regular_d2,100,1,3,True,300.0,0.3058302842988585,0.41594673280944966,0.5448694083111385,0.0,0.0,0.0,True,300.0,0.2647785660994905,0.3632115164011179,0.48466538828499345,0.7619885623615211,0.0,0.0,0.0,0.344917001249763,0.34542844423996716,0.34675776443528056,0.493800001440476,True
random_regular_d2,100,2,3,True,300.0,0.28162908906126966,0.38673457049396853,0.5392899738993846,0.0,0.0,0.0,True,300.0,0.24841347531561697,0.33309179712441933,0.4818630075007395,0.7519687458744702,0.0,0.0,0.0,0.34457085056955755,0.3453062650731337,0.3467501635203031,0.4944525684455732,True
random_regular_d2,100,3,3,True,294.0,0.03436491198975849,0.416305862461204,0.5473201433402377,0.0,1.0,1.0,True,294.0,0.03123893223612636,0.367764811060425,0.4859995519229645,0.7567329166342515,0.0,1.0,1.0,0.34494724109959046,0.3455264978222139,0.34714116219889957,0.49423941714430353,True
random_regular_d2,100,4,3,True,300.0,0.27184976448096093,0.40686179077895956,0.5473734922437472,0.0,0.0,0.0,True,300.0,0.23672963086581128,0.3583111422249304,0.48481424465497847,0.796862475234377,0.0,0.0,0.0,0.34433750382273703,0.34553650427668664,0.3468350765284158,0.49462971504205944,True
random_regular_d2,100,5,3,True,300.0,0.28945248890804326,0.4170674544451976,0.5530198932091943,0.0,0.0,0.0,True,300.0,0.25350420541275936,0.371038493726606,0.4925830270703859,0.7608897315319574,0.0,0.0,0.0,0.34495127121017155,0.34556133298165465,0.3466588630520167,0.4942538254404018,True
random_regular_d2,100,6,3,True,300.0,0.2575991248663708,0.40387718971925224,0.541782023124162,0.0,0.0,0.0,True,300.0,0.2267694900966544,0.35650785793281997,0.4850314955560455,0.7622871131340397,0.0,0.0,0.0,0.34465534784834106,0.3454108527235701,0.3468683509793302,0.4945700587568974,True
random_regular_d2,100,7,3,True,300.0,0.23563418950921192,0.40509354671226516,0.5478022224652914,0.0,0.0,0.0,True,300.0,0.2067534015923568,0.3479138640519398,0.49191618850169916,0.7405997437011097,0.0,0.0,0.0,0.34475945785424905,0.34554984768673486,0.346758230604147,0.49397304520173585,True
random_regular_d2,100,8,3,True,297.0,0.278215719026588,0.39417062331324326,0.5384027531069828,0.0,0.0,0.0,True,297.0,0.23762489682636745,0.3460097209125191,0.4782621612670007,0.8003146853751073,0.0,0.0,0.0,0.34411243244926115,0.3452807753892934,0.34664857205245464,0.4942475829094257,True
random_regular_d2,100,9,3,True,300.0,0.2872684246278454,0.40239925021416373,0.5588735139533298,0.0,0.0,0.0,True,300.0,0.25233152635763634,0.34870860186711067,0.49790739921568106,0.7594322326746491,0.0,0.0,0.0,0.34451673933978977,0.34553620772285404,0.3470566708983257,0.493834652735773,True
random_regular_d2,150,0,3,True,450.0,0.2716264107788298,0.41683442894057676,0.5430531907216194,0.0,0.0,0.0,True,450.0,0.23891413142666673,0.36717377095499254,0.4831623565598252,0.7685334098930955,0.0,0.0,0.0,0.34470382878923084,0.3454800631222218,0.34669617082932414,0.4942501385727452,True
random_regular_d2,150,1,3,True,447.0,0.05207718928990143,0.40157196893415453,0.5371777464219291,0.0,0.0,1.0,True,447.0,0.04341728259677588,0.3537094849181984,0.48149253195744907,0.7913779930874223,0.0,1.0,1.0,0.3444161115073212,0.34524369996920556,0.346724825868903,0.4942860075845163,True
random_regular_d2,150,2,3,True,450.0,0.2749402891896282,0.41232084557820153,0.5472232547355627,0.0,0.0,0.0,True,450.0,0.2398081229551081,0.35662868360633393,0.4899791869874084,0.7864712758365839,0.0,0.0,0.0,0.34420034375764796,0.3455649362780819,0.3468890299265095,0.4946531794876707,True
random_regular_d2,150,3,3,True,450.0,0.2592900986690675,0.398087162780089,0.5444206179807178,0.0,0.0,0.0,True,450.0,0.22307228813436752,0.3530251651698941,0.4865585371488612,0.7685771627918538,0.0,0.0,0.0,0.3442809309158777,0.34547514376498345,0.34679314136345474,0.49463140538773775,True
random_regular_d2,150,4,3,True,450.0,0.2613446073201282,0.4079806599867926,0.550999875278223,0.0,0.0,0.0,True,450.0,0.22967359209996774,0.35744069001853107,0.4921150706595133,0.788335289090992,0.0,0.0,0.0,0.34446295218923506,0.3454487246488799,0.34719876398062505,0.49462367145106023,True
random_regular_d2,150,5,3,True,450.0,0.294184352929344,0.42118132635899647,0.5549634686896372,0.0,0.0,0.0,True,450.0,0.2598510748605827,0.37193435925203544,0.4971546865383836,0.8194728966544108,0.0,0.0,0.0,0.3445129619904068,0.34552932775901435,0.3470712575484717,0.49504744897115166,True
random_regular_d2,150,6,3,True,447.0,0.1873864229437029,0.40731709743613065,0.5397202800481279,0.0,0.0,0.0,True,447.0,0.1748382508046414,0.3594141569871101,0.48345791222592865,0.7732751168999188,0.0,0.0,0.0,0.34434842375994396,0.345349226879998,0.3467931301029232,0.49467731687998207,True
random_regular_d2,150,7,3,True,450.0,0.2729472549476307,0.4062197155027175,0.5562092519562378,0.0,0.0,0.0,True,450.0,0.23777787616308288,0.3513136535726713,0.5021768374193055,0.845153935467832,0.0,0.0,0.0,0.3444889738091555,0.3454020467773062,0.347313350770358,0.49507604516994774,True
random_regular_d2,150,8,3,True,450.0,0.27941456728627145,0.40780581387813264,0.5405144611468828,0.0,0.0,0.0,True,450.0,0.24071385530811365,0.3566468740098066,0.48209735304558704,0.7565272598578442,0.0,0.0,0.0,0.34466012397055423,0.34548929654250443,0.3467837853664855,0.49388660930854766,True
random_regular_d2,150,9,3,True,447.0,0.2996475625078418,0.40507120948580505,0.5540116799569785,0.0,0.0,0.0,True,447.0,0.2606461346518411,0.35144952106141414,0.49596704717211443,0.7695660655157974,0.0,0.0,0.0,0.34458628253939394,0.3455127417983662,0.3470327615967122,0.49421137181920455,True
scale_free_m2,20,0,3,False,,,,,,,,,,,,,,,,,,,,,
scale_free_m2,20,1,3,False,,,,,,,,,,,,,,,,,,,,,
scale_free_m2,20,2,3,False,,,,,,,,,,,,,,,,,,,,,
scale_free_m2,20,3,3,False,,,,,,,,,,,,,,,,,,,,,
scale_free_m2,20,4,3,False,,,,,,,,,,,,,,,,,,,,,
scale_free_m2,20,5,3,False,,,,,,,,,,,,,,,,,,,,,
scale_free_m2,20,6,3,False,,,,,,,,,,,,,,,,,,,,,
scale_free_m2,20,7,3,False,,,,,,,,,,,,,,,,,,,,,
scale_free_m2,20,8,3,False,,,,,,,,,,,,,,,,,,,,,
scale_free_m2,20,9,3,False,,,,,,,,,,,,,,,,,,,,,
scale_free_m2,50,0,3,False,,,,,,,,,,,,,,,,,,,,,
scale_free_m2,50,1,3,False,,,,,,,,,,,,,,,,,,,,,
scale_free_m2,50,2,3,False,,,,,,,,,,,,,,,,,,,,,
scale_free_m2,50,3,3,False,,,,,,,,,,,,,,,,,,,,,
scale_free_m2,50,4,3,False,,,,,,,,,,,,,,,,,,,,,
scale_free_m2,50,5,3,False,,,,,,,,,,,,,,,,,,,,,
scale_free_m2,50,6,3,False,,,,,,,,,,,,,,,,,,,,,
scale_free_m2,50,7,3,False,,,,,,,,,,,,,,,,,,,,,
scale_free_m2,50,8,3,False,,,,,,,,,,,,,,,,,,,,,
scale_free_m2,50,9,3,False,,,,,,,,,,,,,,,,,,,,,
scale_free_m2,75,0,3,False,,,,,,,,,,,,,,,,,,,,,
scale_free_m2,75,1,3,False,,,,,,,,,,,,,,,,,,,,,
scale_free_m2,75,2,3,False,,,,,,,,,,,,,,,,,,,,,
scale_free_m2,75,3,3,False,,,,,,,,,,,,,,,,,,,,,
scale_free_m2,75,4,3,False,,,,,,,,,,,,,,,,,,,,,
scale_free_m2,75,5,3,False,,,,,,,,,,,,,,,,,,,,,
scale_free_m2,75,6,3,False,,,,,,,,,,,,,,,,,,,,,
scale_free_m2,75,7,3,False,,,,,,,,,,,,,,,,,,,,,
scale_free_m2,75,8,3,False,,,,,,,,,,,,,,,,,,,,,
scale_free_m2,75,9,3,False,,,,,,,,,,,,,,,,,,,,,
small_world_k2,20,0,3,True,60.0,0.3349423670046887,0.40109949308266984,0.5168371454815734,0.0,0.0,0.0,True,60.0,0.292243393577786,0.35140901531174473,0.45745290251316095,0.7190814718745223,0.0,0.0,0.0,0.3450061115576707,0.34540722770241755,0.3462421194964087,0.4932525367366352,True
small_world_k2,20,1,3,True,62.0,0.2436362065652309,0.35790799202445056,0.5117684232762827,0.0,0.0,0.0,True,62.0,0.20867004698955155,0.30614072335210035,0.4614157125546544,0.7515690280458425,0.0,0.0,0.0,0.24233740348814123,0.3448501162858509,0.3464843149165924,0.4944658653782097,True
small_world_k2,20,2,3,True,82.0,0.35393489571761355,0.4421479910549909,0.544765214073301,0.0,0.0,0.0,True,82.0,0.31340060642983414,0.39056755211130545,0.49188465637969725,0.7470678540158404,0.0,0.0,0.0,0.1727155898922239,0.244362062204093,0.3467514925887974,0.49406845330765903,True
small_world_k2,20,3,3,True,65.0,0.3579123049145548,0.4317688292014456,0.5413727073504894,0.0,0.0,0.0,True,65.0,0.31331193631738413,0.3812408011055,0.47489850100307607,0.6370357066992,0.0,0.0,0.0,0.24334830459713525,0.34546355358734443,0.34660307679106844,0.49338579015923106,True
small_world_k2,20,4,3,True,70.0,0.2959292467806482,0.4059105079261207,0.5456243279780181,0.0,0.0,0.0,True,70.0,0.25350610116113337,0.3535076823271476,0.4861697396184042,0.6938437653309221,0.0,0.0,0.0,0.24231827544548853,0.3442530824547993,0.3467571552562822,0.49348787192068544,True
small_world_k2,20,5,3,True,72.0,0.12017179183750906,0.3539074585411534,0.5341378461117469,0.0,0.0,0.0,True,72.0,0.10230975100785493,0.3115245887083197,0.4738033591585093,0.7000971854367133,0.0,0.0,0.0,0.24242619374638597,0.24284479155067865,0.3459765408989386,0.4930301212587901,True
small_world_k2,20,6,3,True,65.0,0.278449667695286,0.394935115076641,0.5140715460654354,0.0,0.0,0.0,True,65.0,0.2430882342041558,0.3431591695095858,0.45779638142908574,0.709825809621759,0.0,0.0,0.0,0.24310850362064967,0.34529291490314357,0.3461844583101032,0.4935509671080149,True
small_world_k2,20,7,3,True,99.0,0.028431781460024064,0.36529234340499783,0.5139046684827223,0.0,2.0,2.0,True,99.0,0.02656148129679642,0.3189453930541301,0.4606432474409101,0.7168754704239336,0.0,2.0,2.0,0.1729646358814339,0.2426275359314877,0.34535290895904086,0.49413181123100836,True
small_world_k2,20,8,3,True,87.0,0.2703438331795672,0.3527770342890605,0.5318445861741712,0.0,0.0,0.0,True,87.0,0.23064062356526363,0.31236819709332586,0.48512024050500596,0.8132537850649139,0.0,0.0,0.0,0.17509269359749632,0.24543052950717442,0.34635199303631004,0.49507092459648816,True
small_world_k2,20,9,3,True,70.0,0.3451375940495875,0.43833717661776384,0.5647227168184925,0.0,0.0,0.0,True,70.0,0.3039547382538142,0.3917456636215515,0.5118609490373343,0.7631706088832576,0.0,0.0,0.0,0.24389998094549173,0.34570384913961555,0.34710753291818297,0.49417054214628325,True
small_world_k2,50,0,3,True,150.0,0.32335739217827864,0.40016648518292924,0.5282939882322101,0.0,0.0,0.0,True,150.0,0.28488844864123214,0.3500569286111694,0.4692238128159303,0.7289736315242686,0.0,0.0,0.0,0.3449161362988522,0.34522072747293986,0.3465230426912701,0.4933402613639034,True
small_world_k2,50,1,3,True,165.0,0.3014471026051192,0.3879803979026577,0.5163341774774024,0.0,0.0,0.0,True,165.0,0.2632266409689073,0.33534145167552076,0.4562349618818881,0.7806790293067187,0.0,0.0,0.0,0.2421777281871381,0.344975404638961,0.34625734252884155,0.49413334344098236,True
small_world_k2,50,2,3,True,165.0,0.21927935850638197,0.3897283461754413,0.5446919363124146,0.0,0.0,0.0,True,165.0,0.1910362412368501,0.3478054581719822,0.48777978795047394,0.7570627030934736,0.0,0.0,0.0,0.24268410504339716,0.3452917493535111,0.3466298632751692,0.4936276602134676,True
small_world_k2,50,3,3,True,192.0,0.26938251440050615,0.3830390027037195,0.5172617849055314,0.0,0.0,0.0,True,192.0,0.2354607796961887,0.3366596743669206,0.464211294260642,0.7409372432131888,0.0,0.0,0.0,0.17322499468481525,0.24529986554026922,0.34619747329763617,0.4943629549234099,True
small_world_k2,50,4,3,True,170.0,0.2539918403934135,0.40016206089788814,0.5439298485083017,0.0,0.0,0.0,True,170.0,0.2254839081598785,0.35322977395483596,0.4878815266054035,0.7346912111224579,0.0,0.0,0.0,0.24358528913603106,0.3451461922142223,0.34716593428025894,0.4939756845227352,True
small_world_k2,50,5,3,True,167.0,0.19574303370022764,0.39312082792488917,0.5624339495943144,0.0,0.0,0.0,True,167.0,0.16416755053932297,0.34556629596118255,0.5040537224436641,0.744955706534182,0.0,0.0,0.0,0.2423035249165528,0.34472140453225114,0.3471406508246533,0.49346508853763194,True
small_world_k2,50,6,3,True,175.0,0.2964317802729114,0.37967126689819614,0.517321958945268,0.0,0.0,0.0,True,175.0,0.26335899275041585,0.3283332114899315,0.458722067506803,0.7163904333165549,0.0,0.0,0.0,0.24233837484169907,0.3447593204782782,0.3464318235204838,0.4938714353520871,True
small_world_k2,50,7,3,True,180.0,0.2324197217710669,0.3743285583336206,0.5440953853248669,0.0,0.0,0.0,True,180.0,0.20233055507873762,0.3302652199865043,0.49106541392961,0.8087358460641128,0.0,0.0,0.0,0.24238632561730636,0.33477119284617396,0.3469936736167697,0.49457398107308004,True
small_world_k2,50,8,3,True,185.0,0.2736482671645254,0.38865941100966706,0.5235974797273372,0.0,0.0,0.0,True,185.0,0.2390818035461562,0.34058744650848005,0.4665064780330973,0.707162687780111,0.0,0.0,0.0,0.24216607502247414,0.24398798699944618,0.34609303974718825,0.4939562302620324,True
small_world_k2,50,9,3,True,175.0,0.309308784218554,0.4072793861549132,0.5469571481322516,0.0,0.0,0.0,True,175.0,0.2699763351732665,0.35054220362710115,0.4893499750036201,0.7472469022535985,0.0,0.0,0.0,0.24208370180172376,0.34479679169579475,0.3464789800454172,0.49442397459877846,True
small_world_k2,75,0,3,True,255.0,0.2671873927282041,0.4043805054058044,0.5182676740752473,0.0,0.0,0.0,True,255.0,0.23477975018998676,0.3586876234906885,0.46399113419974125,0.7374983487863841,0.0,0.0,0.0,0.2421247374998265,0.344803484747563,0.3462525099073501,0.4934891427837325,True
small_world_k2,75,1,3,True,245.0,0.28656428981888393,0.3974776403556824,0.5247541650831834,0.0,0.0,0.0,True,245.0,0.24577626834405053,0.35030736886528263,0.47010622673816943,0.7575879755765493,0.0,0.0,0.0,0.24251263165139936,0.34511624565098925,0.346588875017046,0.49386400433868066,True
small_world_k2,75,2,3,True,230.0,0.21688997100920349,0.37236577135224735,0.5488661680787461,0.0,0.0,0.0,True,230.0,0.1889177846957671,0.32897597554900815,0.4954036545816838,0.7800575317981779,0.0,0.0,0.0,0.242500513147967,0.34527562865530453,0.3470825166297959,0.49438697601584436,True
small_world_k2,75,3,3,True,260.0,0.30369349521694555,0.40429386648760635,0.5308492216266485,0.0,0.0,0.0,True,260.0,0.2624395298118681,0.34917614046620143,0.46903277511611563,0.7886934648007787,0.0,0.0,0.0,0.24218844572896098,0.34477587550523237,0.3462323663634943,0.494407220232708,True
small_world_k2,75,4,3,True,250.0,0.23371810218010053,0.39672294234192235,0.5314786174820296,0.0,0.0,0.0,True,250.0,0.20535733356192298,0.3477232632986291,0.474971057861956,0.7779941142112349,0.0,0.0,0.0,0.2422026583368329,0.3448993288706035,0.34657388447469695,0.4938028936710901,True
small_world_k2,75,5,3,True,265.0,0.03981258714231134,0.40360361452121746,0.5469722744928391,0.0,1.0,1.0,True,265.0,0.03318592279935899,0.3565826099806028,0.48855098364830407,0.7793933972037428,0.0,1.0,1.0,0.24259783043506017,0.34509328407247186,0.3466765966829327,0.49473722365273815,True
small_world_k2,75,6,3,True,255.0,0.3115061135229162,0.3902139038561011,0.5322661550370399,0.0,0.0,0.0,True,255.0,0.27154261400662594,0.33643506269694123,0.47359166993956336,0.7677937237313954,0.0,0.0,0.0,0.2424055267959072,0.34489270445636433,0.346289847557882,0.49382744498772047,True
small_world_k2,75,7,3,True,275.0,0.25524018038144725,0.39096933239231096,0.5406085847844645,0.0,0.0,0.0,True,275.0,0.2288946898157062,0.33927096994806516,0.4857988409138757,0.8156729702554023,0.0,0.0,0.0,0.24285371210085185,0.24552668789721974,0.34676505129254387,0.49467896501536196,True
small_world_k2,75,8,3,True,272.0,0.014039989635986775,0.38551956448932556,0.5329169321607614,0.0,2.0,2.0,True,272.0,0.01279822250285158,0.3366486296438979,0.4743967813954289,0.7693132694960022,0.0,2.0,2.0,0.2422573882088727,0.24526273937055806,0.34630544405805286,0.49395668180499763,True
small_world_k2,75,9,3,True,294.0,0.2568114461802734,0.3855036596658472,0.535325464515856,0.0,0.0,0.0,True,294.0,0.22332306240019195,0.33703906053589616,0.47845186281757246,0.8171898353756557,0.0,0.0,0.0,0.1714800473546342,0.24409800174563684,0.34607512835756116,0.4941081195356647,True
small_world_k2,100,0,3,True,340.0,0.2735523325880529,0.407820192204204,0.5368807630320884,0.0,0.0,0.0,True,340.0,0.2416466789524158,0.35515964432516317,0.4807977129318094,0.7810453076612985,0.0,0.0,0.0,0.24252016563723772,0.3449244578395586,0.3467660426989111,0.4941579305791483,True
small_world_k2,100,1,3,True,335.0,0.28478623325045777,0.40357093459626464,0.5410543190974628,0.0,0.0,0.0,True,335.0,0.2469539659823736,0.3553220728055933,0.48051239660180683,0.8131695829382174,0.0,0.0,0.0,0.24289449664188656,0.3451337735139597,0.3468419518835352,0.49435806040378577,True
small_world_k2,100,2,3,True,315.0,0.24454501562904904,0.4085395009977888,0.5386327669923971,0.0,0.0,0.0,True,315.0,0.2126835580966967,0.35806107771264073,0.47710615260797856,0.7503296272544782,0.0,0.0,0.0,0.2420669477182968,0.3451558228609283,0.3466617051675322,0.4938811255563286,True
small_world_k2,100,3,3,True,362.0,0.28693444702639725,0.38657977274639493,0.5336943281601477,0.0,0.0,0.0,True,362.0,0.2513163308009242,0.33913642755468315,0.47769399751031183,0.7559423527922425,0.0,0.0,0.0,0.17068730541153473,0.24520010496194702,0.34648990720576034,0.49423108390680337,True
small_world_k2,100,4,3,True,335.0,0.20607445419538625,0.3892084645122838,0.5395407538940938,0.0,0.0,0.0,True,335.0,0.1790880089884781,0.34162443237899454,0.48274662717515493,0.8311374300010816,0.0,0.0,0.0,0.24272269515902342,0.3450981467960499,0.3467155045360782,0.4948731368583923,True
small_world_k2,100,5,3,True,352.0,0.29669203945571915,0.40054096674064293,0.5415525102288037,0.0,0.0,0.0,True,352.0,0.2629541543073479,0.3504114264099099,0.48285466840936114,0.7885968464671943,0.0,0.0,0.0,0.24256509653204225,0.34475032813106293,0.34651306459238934,0.49419578959671473,True
small_world_k2,100,6,3,True,340.0,0.23027844288763052,0.3824745299960612,0.5261006396220804,0.0,0.0,0.0,True,340.0,0.19897619794135032,0.33924409236722936,0.46916374558891705,0.8159874194726927,0.0,0.0,0.0,0.2426533081426488,0.3449276958660715,0.3465600220886806,0.49441313353213917,True
small_world_k2,100,7,3,True,382.0,0.23150056197815094,0.3802091130046861,0.5467847211007497,0.0,0.0,0.0,True,382.0,0.19777393651817324,0.3366534525992324,0.49347981364753746,0.7720570258881895,0.0,0.0,0.0,0.17351533570693645,0.24544954346482395,0.3464507114630419,0.49439129309768254,True
small_world_k2,100,8,3,True,364.0,0.18836961447682044,0.3786191271693723,0.5259290924362118,0.0,0.0,0.0,True,364.0,0.1735213669164917,0.3362340432812151,0.46942877418627316,0.7913015203988458,0.0,0.0,0.0,0.17095547644548492,0.24520606190734626,0.34630166615084373,0.4942000304865298,True
small_world_k2,100,9,3,True,401.0,0.2632746480547217,0.3708664270219301,0.5276618160089083,0.0,0.0,0.0,True,401.0,0.23131712099390525,0.3272698198096994,0.4683750292593837,0.7975360531872475,0.0,0.0,0.0,0.17098376638504503,0.24341055090543964,0.34634080300568837,0.4947238294112361,True
